family,name,class,cap-diameter,stem-height,stem-width,cap-shape.c,cap-shape.f,cap-shape.p,cap-shape.x,cap-shape.b,cap-shape.o,cap-shape.s,Cap-surface.i,Cap-surface.l,Cap-surface.g,Cap-surface.d,Cap-surface.w,Cap-surface.k,Cap-surface.t,Cap-surface.h,Cap-surface.y,Cap-surface.e,Cap-surface.s,cap-color.u,cap-color.r,cap-color.l,cap-color.g,cap-color.w,cap-color.k,cap-color.p,cap-color.o,cap-color.b,cap-color.y,cap-color.e,cap-color.n,does-bruise-or-bleed.f,does-bruise-or-bleed.t,gill-attachment.e,gill-attachment.f,gill-attachment.x,gill-attachment.p,gill-attachment.a,gill-attachment.d,gill-attachment.s,gill-spacing.f,gill-spacing.d,gill-spacing.c,gill-color.u,gill-color.r,gill-color.f,gill-color.g,gill-color.w,gill-color.k,gill-color.p,gill-color.o,gill-color.b,gill-color.y,gill-color.e,gill-color.n,stem-root.r,stem-root.c,stem-root.f,stem-root.b,stem-root.s,stem-surface.i,stem-surface.f,stem-surface.g,stem-surface.k,stem-surface.t,stem-surface.h,stem-surface.y,stem-surface.s,stem-color.u,stem-color.r,stem-color.l,stem-color.g,stem-color.f,stem-color.w,stem-color.k,stem-color.p,stem-color.o,stem-color.b,stem-color.y,stem-color.e,stem-color.n,veil-type.u,veil-color.u,veil-color.w,veil-color.k,veil-color.y,veil-color.e,veil-color.n,has-ring.f,has-ring.t,ring-type.z,ring-type.r,ring-type.l,ring-type.g,ring-type.f,ring-type.m,ring-type.p,ring-type.e,Spore-print-color.u,Spore-print-color.r,Spore-print-color.g,Spore-print-color.w,Spore-print-color.k,Spore-print-color.p,Spore-print-color.n,habitat.u,habitat.l,habitat.g,habitat.m,habitat.w,habitat.p,habitat.h,habitat.d,season.u,season.a,season.w,season.s
Amanita Family,Fly Agaric,p,15.0,17.5,17.5,F,T,F,T,F,F,F,F,F,T,F,F,F,F,T,F,F,F,F,F,F,F,F,F,F,T,F,F,T,F,T,F,T,F,F,F,F,F,F,F,F,F,F,F,F,F,T,F,F,F,F,F,F,F,F,F,F,F,T,F,F,F,F,F,F,T,F,F,F,F,F,F,T,F,F,F,F,F,F,F,T,F,T,F,F,F,F,F,T,F,F,F,T,F,F,T,F,F,F,F,F,F,F,F,F,F,F,F,F,F,F,T,T,T,T,F
Amanita Family,Panther Cap,p,7.5,8.0,15.0,F,F,T,T,F,F,F,F,F,T,F,F,F,F,F,F,F,F,F,F,F,F,F,F,F,F,F,F,F,T,T,F,T,F,F,F,F,F,F,F,F,F,F,F,F,F,T,F,F,F,F,F,F,F,F,F,F,F,F,F,F,F,F,F,F,T,F,F,F,F,F,F,T,F,F,F,F,F,F,F,T,F,T,F,F,F,F,F,T,F,F,F,F,F,F,T,F,F,F,F,F,F,F,F,F,F,F,F,F,F,F,T,T,T,F,F
Amanita Family,False Panther Cap,p,12.5,11.0,15.0,F,T,F,T,F,F,F,F,F,F,F,F,F,F,F,F,F,F,F,F,F,T,F,F,F,F,F,F,F,T,T,F,T,F,F,F,F,F,F,F,F,F,F,F,F,F,T,F,F,F,F,F,F,F,F,F,F,F,F,F,F,F,F,F,F,F,F,F,F,F,F,F,T,F,F,F,F,F,F,F,T,F,T,F,F,F,F,F,T,F,F,F,T,F,F,F,T,F,F,F,F,F,F,F,F,F,F,F,F,F,F,T,T,T,F,F
Amanita Family,The Blusher,e,10.0,11.0,17.5,F,T,F,T,F,F,F,F,F,F,F,F,F,F,F,F,F,F,F,F,F,F,F,F,F,F,F,F,F,T,F,T,F,F,F,F,F,F,F,F,F,F,F,F,F,F,T,F,F,F,F,F,F,F,F,F,F,T,F,F,F,F,F,F,F,F,F,F,F,F,F,F,T,F,F,F,F,F,F,F,T,F,T,F,F,F,F,F,T,F,F,F,T,F,F,F,F,F,F,F,F,F,F,F,F,F,F,F,F,F,F,T,T,T,F,F
Amanita Family,Death Cap,p,8.5,11.0,15.0,F,T,F,T,F,F,F,F,F,F,F,F,F,F,T,F,F,F,F,T,F,F,F,F,F,F,F,F,F,F,T,F,F,F,F,F,F,F,F,F,F,T,F,F,F,F,T,F,F,F,F,F,F,F,F,F,F,F,F,F,F,F,F,F,F,F,F,F,F,F,F,F,T,F,F,F,F,F,F,F,T,F,T,F,F,F,F,F,T,F,F,F,T,F,F,T,F,F,F,F,F,F,F,F,F,F,F,F,F,F,F,T,T,T,F,F
Amanita Family,False Death Cap,e,6.5,6.0,12.5,F,F,F,T,F,F,F,F,F,F,F,F,F,F,F,F,F,F,F,F,F,F,T,F,F,F,F,T,F,F,T,F,T,F,F,F,F,F,F,F,F,F,F,F,F,F,T,F,F,F,F,F,F,F,F,F,F,T,F,F,F,F,F,F,F,F,F,F,F,F,F,F,T,F,F,F,F,T,F,F,T,F,T,F,T,F,F,F,T,F,F,F,T,F,F,F,F,F,F,F,F,F,F,F,F,F,F,F,F,F,F,T,T,T,F,F
Amanita Family,Destroying Angel,p,7.5,12.5,12.5,F,F,F,F,T,F,F,F,F,F,F,F,F,T,F,F,F,F,F,F,F,F,T,F,F,F,F,F,F,F,T,F,T,F,F,F,F,F,F,F,F,T,F,F,F,F,T,F,F,F,F,F,F,F,F,F,F,F,F,F,F,F,F,F,F,T,F,F,F,F,F,F,T,F,F,F,F,F,F,F,T,F,T,F,F,F,F,F,T,F,F,T,F,F,F,F,T,F,F,F,F,F,F,F,F,F,F,F,F,F,F,T,T,T,F,F
Amanita Family,Tawny Grisette,e,6.0,12.5,12.5,T,F,F,T,F,F,F,F,F,F,F,F,F,T,T,F,F,F,F,F,F,F,F,F,F,F,F,F,F,T,T,F,T,F,F,F,F,F,F,F,F,F,F,F,F,F,T,F,F,F,F,F,F,F,F,F,F,F,F,F,F,F,F,F,F,F,T,F,F,F,F,F,T,F,F,F,F,F,F,T,T,F,T,F,F,F,F,T,F,F,F,F,F,T,F,F,F,F,F,F,F,F,F,F,F,F,F,F,F,F,F,T,T,T,F,F
Lepiota Family,Parasol Mushroom,e,17.5,25.0,20.0,F,T,T,F,F,F,F,F,F,F,F,F,F,F,F,T,F,F,F,F,F,F,T,F,F,F,F,F,F,T,T,F,F,F,F,F,F,F,F,F,F,F,F,F,F,F,T,F,F,F,F,F,F,F,F,F,F,F,T,F,F,F,F,F,F,F,F,F,F,F,F,F,F,F,F,F,F,F,F,T,F,F,F,F,F,F,F,F,T,F,F,F,F,F,T,F,F,F,F,F,F,F,F,F,F,F,F,T,F,F,F,T,T,T,F,F
Lepiota Family,Shaggy Parasol,e,15.0,10.0,17.5,F,F,F,T,F,F,F,F,F,F,F,F,F,F,F,T,T,F,F,F,F,F,F,F,F,F,F,F,F,T,F,T,T,F,F,F,F,F,F,F,F,F,F,F,F,F,T,F,F,F,F,F,F,F,F,F,F,F,F,F,F,F,F,F,F,F,F,F,F,F,F,F,T,F,F,F,F,F,F,F,F,F,F,F,F,F,F,F,T,F,F,F,F,F,F,F,F,F,F,F,F,F,F,F,F,F,T,F,F,F,F,T,T,T,F,F
Lepiota Family,Stinking Parasol,p,3.5,4.5,3.5,F,T,F,F,T,F,F,F,F,F,F,F,F,F,F,T,F,F,F,F,F,F,T,F,T,F,F,F,T,T,T,F,T,F,F,F,F,F,F,F,F,T,F,F,F,F,T,F,F,F,F,F,F,T,F,F,F,F,F,F,F,F,T,F,F,F,F,F,F,F,F,F,T,F,F,F,F,F,F,F,F,F,F,F,F,F,F,F,T,F,F,F,F,F,F,F,T,F,F,F,F,F,F,F,F,F,F,T,F,F,F,T,T,T,F,F
Tricholoma Family,Saffron Parasol,p,3.5,5.5,3.5,F,F,F,T,F,F,F,F,F,F,F,F,F,F,F,T,F,F,F,F,F,F,F,F,F,F,F,T,F,T,T,F,F,F,F,F,T,F,F,F,F,F,F,F,F,F,T,F,F,F,F,F,F,F,F,F,F,F,F,F,F,F,F,F,F,T,F,F,F,F,F,F,F,F,F,F,F,T,F,T,F,F,F,F,F,F,F,F,T,F,T,F,F,F,F,F,F,F,F,F,F,F,F,F,F,F,T,F,F,F,T,T,T,T,F,F
Tricholoma Family,The Deceiver,e,2.5,6.5,3.5,F,T,F,F,F,F,T,F,F,F,F,F,F,F,F,T,F,F,F,F,F,F,F,F,F,F,F,F,F,T,T,F,F,F,F,F,T,T,F,F,T,F,F,F,F,F,F,F,T,F,F,F,F,F,F,F,F,F,F,T,F,F,F,F,F,F,F,F,F,F,F,F,F,F,F,F,F,F,F,T,F,F,F,F,F,F,F,T,F,F,F,F,F,T,F,F,F,F,F,F,F,F,F,F,F,T,F,F,F,F,T,F,T,T,F,F
Tricholoma Family,Amethyst Deceiver,e,2.5,6.0,4.5,F,F,F,T,F,F,F,F,F,F,F,F,F,F,F,F,F,F,T,F,F,F,F,F,F,F,T,F,F,F,T,F,F,F,F,F,F,F,F,F,T,F,T,F,F,F,T,F,F,F,F,F,F,F,F,F,F,F,F,F,F,F,F,F,F,F,F,F,F,F,F,F,T,F,F,F,F,F,F,F,F,F,F,F,F,F,F,T,F,F,F,F,F,T,F,F,F,F,F,F,F,F,F,F,F,F,F,F,F,F,F,T,T,T,T,F
Tricholoma Family,Wood Blewit,e,10.0,7.5,20.0,F,T,F,F,F,F,T,F,F,F,F,F,F,F,F,F,F,F,T,F,T,T,F,F,F,F,F,F,F,T,T,F,F,F,F,F,F,F,T,F,F,T,T,F,F,F,F,F,F,F,T,F,F,F,F,F,F,F,F,F,F,F,F,F,F,F,F,T,F,F,F,F,F,F,F,F,T,F,F,F,F,F,F,F,F,F,F,T,F,F,F,F,F,T,F,F,F,F,F,F,F,F,F,F,F,T,F,F,F,F,F,T,F,T,T,F
Tricholoma Family,Field Blewit,e,8.5,7.0,20.0,F,T,F,T,F,F,T,F,F,F,F,F,F,F,F,F,F,F,F,F,F,T,F,F,F,F,F,F,F,T,T,F,F,F,F,F,F,F,T,F,F,T,F,F,F,T,F,F,T,F,F,F,F,F,F,F,F,T,F,F,F,F,F,F,F,F,F,T,F,F,F,F,F,F,F,F,F,F,F,F,F,F,F,F,F,F,F,T,F,F,F,F,F,T,F,F,F,F,F,F,F,F,F,F,F,F,T,F,F,F,F,T,F,T,T,F
Tricholoma Family,Clouded Agaric,e,14.0,8.5,25.0,F,T,F,T,F,F,T,F,F,F,F,F,F,F,F,F,T,F,F,F,F,T,F,F,F,F,F,F,F,T,T,F,F,F,F,F,T,T,F,F,F,T,F,F,F,F,T,F,F,F,F,F,F,F,F,F,F,F,T,F,F,F,F,F,F,F,F,F,F,F,F,F,T,F,F,F,F,F,F,F,F,F,F,F,F,F,F,T,F,F,F,F,F,T,F,F,F,F,F,F,F,F,F,F,F,T,F,F,F,F,F,T,F,T,T,F
Tricholoma Family,Club-footed Funnel Cap,p,6.0,5.5,10.0,F,T,F,T,F,F,F,F,F,F,F,F,F,F,F,F,F,F,F,F,F,T,F,F,F,F,F,F,F,T,T,F,F,F,F,F,F,T,F,F,F,T,F,F,F,F,T,F,F,F,F,T,F,F,F,F,F,T,F,F,F,F,F,F,F,F,F,F,F,F,F,F,F,F,F,F,F,F,F,T,F,F,F,F,F,F,F,T,F,F,F,F,F,T,F,F,F,F,F,F,F,F,F,F,F,T,F,F,F,F,F,T,F,T,T,F
Tricholoma Family,Common Funnel Cap,e,6.0,5.0,8.0,F,F,F,F,F,F,T,F,F,F,F,F,F,F,F,F,F,F,F,F,F,F,F,F,F,F,F,F,F,T,T,F,F,F,F,F,F,T,F,F,F,T,F,F,F,F,T,F,F,F,F,F,F,F,F,F,F,F,F,F,F,F,F,F,F,F,T,F,F,F,F,F,T,F,F,F,F,F,F,F,F,F,F,F,F,F,F,T,F,F,F,F,F,T,F,F,F,F,F,F,F,F,F,F,F,T,F,F,F,F,T,T,T,T,F,F
Tricholoma Family,Aniseed Funnel Cap,e,4.5,6.0,7.5,F,F,F,T,F,F,F,F,F,F,F,F,F,F,F,F,F,F,F,T,T,F,T,F,F,F,F,F,F,F,T,F,F,F,F,F,T,T,F,F,F,F,F,T,F,F,F,F,F,F,F,F,F,F,F,F,F,F,F,F,F,F,F,F,F,F,F,F,T,T,F,F,T,F,F,F,F,F,F,F,F,F,F,F,F,F,F,T,F,F,F,F,F,T,F,F,F,F,F,F,F,F,F,F,F,T,F,F,F,F,F,T,T,T,F,F
Tricholoma Family,Ivory Clitocybe,p,3.0,3.0,7.5,F,T,F,T,F,F,T,F,F,F,F,F,F,F,F,F,F,T,F,F,F,T,T,F,F,F,F,F,F,F,T,F,F,F,F,F,F,T,F,F,F,T,F,F,F,F,T,F,F,F,F,F,F,F,F,F,F,F,F,F,F,F,F,F,F,F,F,F,F,F,F,F,T,F,F,F,F,F,F,F,F,F,F,F,F,F,F,T,F,F,F,F,F,T,F,F,F,F,F,F,F,F,F,F,F,F,T,F,F,F,F,F,T,T,F,F
Tricholoma Family,Wood Woolly-foot,p,4.5,6.0,5.0,F,T,F,F,F,F,F,F,T,F,F,F,F,F,F,F,F,F,F,F,F,F,F,F,F,F,F,T,T,T,T,F,F,F,T,F,F,F,F,F,T,F,F,F,F,F,F,F,F,F,F,T,T,T,F,F,F,F,F,F,F,F,F,F,F,F,F,F,F,F,F,F,F,F,F,F,F,T,F,T,F,F,F,F,F,F,F,T,F,F,F,F,F,T,F,F,F,F,F,F,F,F,F,F,F,T,F,F,F,F,F,T,T,T,F,F
Tricholoma Family,Russet Tough Shank,p,3.5,4.5,3.0,F,T,F,F,F,F,F,F,F,F,T,F,F,F,F,F,F,F,F,F,F,F,F,F,F,F,T,F,F,T,T,F,F,F,T,F,F,F,F,F,F,T,F,F,F,F,T,F,F,F,F,T,F,F,F,F,F,T,F,T,F,F,F,F,F,F,T,F,F,F,F,F,F,F,F,F,F,F,F,T,F,F,F,F,F,F,F,T,F,F,F,F,F,T,F,F,F,F,F,F,F,F,F,F,F,T,F,F,F,F,F,T,T,T,F,F
Tricholoma Family,Clustered Tough Shank,p,3.5,8.0,4.0,F,T,F,T,F,F,F,F,F,F,F,F,F,F,F,F,F,F,F,F,F,F,T,F,F,F,F,F,F,T,T,F,F,F,T,F,F,F,F,F,F,T,F,F,F,F,F,F,T,F,F,F,F,F,F,F,F,F,F,F,F,F,F,F,F,F,F,F,F,F,F,F,F,F,T,F,F,F,F,T,F,F,F,F,F,F,F,T,F,F,F,F,F,T,F,F,F,F,F,F,F,F,F,F,F,T,F,F,F,F,F,T,T,T,F,F
Tricholoma Family,Greasy Tough Shank,e,6.0,7.0,10.0,F,T,F,T,F,F,F,F,F,F,F,F,F,F,F,F,F,T,F,F,F,F,F,F,F,F,T,F,F,T,T,F,F,F,T,F,F,F,F,F,F,T,F,F,F,F,T,F,F,F,F,F,F,F,F,F,F,F,F,F,F,F,F,F,F,F,T,F,F,F,F,F,F,F,F,F,F,F,F,T,F,F,F,F,F,F,F,T,F,F,F,F,F,T,F,F,F,F,F,F,F,F,F,F,F,T,F,F,F,F,F,F,F,T,T,F
Tricholoma Family,Spotted Tough Shank,p,9.0,10.0,11.5,F,T,F,T,F,F,F,F,F,F,F,F,F,F,F,F,F,F,F,F,F,F,T,F,F,F,F,F,F,T,T,F,F,F,T,F,F,F,F,F,F,T,F,F,F,F,T,F,F,F,F,F,F,F,T,F,F,F,F,T,F,F,F,F,F,F,F,F,F,F,F,F,T,F,F,F,F,F,F,F,F,F,F,F,F,F,F,T,F,F,F,F,F,T,F,F,F,F,F,F,F,F,F,F,F,F,F,F,F,F,T,T,T,T,F,F
Tricholoma Family,Fairy Ring Champignon,e,3.5,4.5,3.0,F,F,F,F,T,F,F,F,F,T,F,F,F,F,F,F,F,F,F,F,F,F,T,F,F,F,F,F,F,T,T,F,F,F,T,F,F,F,F,F,T,F,F,F,F,F,T,F,F,F,F,F,F,F,F,F,F,F,F,F,F,F,F,F,F,F,F,F,F,F,F,F,F,F,F,F,F,T,F,F,F,F,F,F,F,F,F,T,F,F,F,F,F,T,F,F,F,F,F,F,F,F,F,F,F,F,T,F,F,F,F,F,T,T,F,F
Tricholoma Family,Little Wheel Fungus,p,1.0,3.0,1.5,F,F,F,T,F,F,F,F,F,T,F,F,F,F,F,F,F,F,F,F,F,F,T,F,F,F,F,F,F,F,T,F,F,F,F,F,T,F,F,F,T,F,F,F,F,F,T,F,F,F,F,F,F,F,F,F,F,F,F,F,F,F,F,F,F,F,F,F,F,F,F,F,F,F,F,F,F,F,T,T,F,F,F,F,F,F,F,T,F,F,F,F,F,T,F,F,F,F,F,F,F,F,F,F,F,T,F,F,F,F,F,T,T,T,F,F
Tricholoma Family,Horse-hair Fungus,p,0.75,4.0,1.0,F,F,F,T,F,F,F,F,F,T,F,F,F,F,F,F,F,F,F,F,F,F,F,F,T,F,F,F,T,T,T,F,F,F,F,F,T,F,F,F,F,F,F,F,F,F,F,F,T,F,F,F,F,T,F,F,F,F,F,F,F,F,F,F,T,F,T,F,F,F,F,F,F,T,F,F,F,F,F,F,F,F,F,F,F,F,F,T,F,F,F,F,F,T,F,F,F,F,F,F,F,F,F,F,F,F,F,F,F,F,F,T,T,T,T,T
Tricholoma Family,Bonnet Bell Cap,e,4.0,5.5,3.5,F,T,F,F,T,F,F,F,F,T,F,F,F,F,F,F,F,F,F,F,F,T,F,F,F,F,F,F,F,T,T,F,F,F,F,F,T,F,F,F,T,F,F,F,F,T,F,F,F,F,F,F,F,F,F,F,F,F,F,F,F,F,F,F,F,F,T,F,F,F,T,F,F,F,F,F,F,F,F,T,F,F,F,F,F,F,F,T,F,F,F,F,F,T,F,F,F,F,F,F,F,F,F,F,F,F,F,F,F,F,F,T,T,T,T,T
Tricholoma Family,Stump Bell Cap,p,2.0,5.0,2.0,F,F,F,F,T,F,F,F,F,F,F,F,F,F,F,F,F,F,F,F,F,T,F,F,F,F,F,F,F,T,T,F,F,F,F,F,T,F,F,F,F,F,F,F,F,T,F,F,F,F,F,F,F,F,F,F,F,F,F,F,F,F,F,F,F,F,T,F,F,F,T,F,F,F,F,F,F,F,F,T,F,F,F,F,F,F,F,T,F,F,F,F,F,T,F,F,F,F,F,F,F,F,F,F,F,F,F,F,F,F,F,T,T,T,F,F
Tricholoma Family,Tufted Bell Cap,p,2.5,7.0,2.5,F,F,F,T,F,F,F,F,F,T,F,F,F,F,F,F,F,F,F,F,F,F,F,F,F,F,F,F,T,T,T,F,F,F,F,F,T,F,F,F,F,F,F,F,F,F,T,F,T,F,F,F,F,F,F,F,F,F,F,F,F,F,F,F,F,F,F,F,F,F,F,F,T,F,F,F,F,F,F,T,F,F,F,F,F,F,F,T,F,F,F,F,F,T,F,F,F,F,F,F,F,F,F,F,F,F,F,F,F,F,F,T,T,T,F,F
Tricholoma Family,Milky Bell Cap,e,1.5,5.0,1.5,T,F,F,F,F,F,F,F,F,T,F,F,F,F,F,F,F,F,F,F,F,F,F,F,F,F,F,F,F,T,T,F,F,F,F,F,T,F,F,F,F,F,F,F,F,T,T,F,F,F,F,F,F,F,F,F,F,F,F,F,F,F,F,F,F,F,F,F,F,F,T,F,F,F,F,F,F,F,F,F,F,F,F,F,F,F,F,T,F,F,F,F,F,T,F,F,F,F,F,F,F,F,F,F,F,T,F,F,F,F,F,T,T,T,F,F
Tricholoma Family,Small Bleeding Bell Cap,e,1.0,5.5,1.0,T,T,F,T,F,F,F,F,F,T,F,F,F,F,F,F,F,F,F,F,F,F,F,F,F,F,F,F,T,T,F,T,F,F,F,F,T,F,F,F,F,F,F,F,F,F,T,F,T,F,F,F,F,F,F,F,F,F,F,F,F,F,F,F,F,F,F,F,F,F,F,F,F,F,F,F,F,F,F,T,F,F,F,F,F,F,F,T,F,F,F,F,F,T,F,F,F,F,F,F,F,F,F,F,F,F,F,F,F,F,T,T,T,T,F,F
Tricholoma Family,Lilac Bell Cap,p,3.5,5.5,5.5,F,T,F,F,T,F,T,F,F,F,F,T,F,F,F,F,F,F,T,F,F,F,F,F,F,F,F,F,F,F,T,F,F,F,F,F,T,F,F,F,F,T,T,F,F,T,F,F,F,F,F,F,F,F,F,F,F,F,F,F,F,F,F,F,F,F,T,T,F,F,F,F,F,F,F,F,F,F,F,F,F,F,F,F,F,F,F,T,F,F,F,F,F,T,F,F,F,F,F,F,F,F,F,F,F,T,F,F,F,F,F,T,T,T,F,F
Tricholoma Family,Yellow-stemmed Bell Cap,e,1.5,6.0,2.0,F,F,F,T,F,F,F,F,F,T,F,F,F,T,F,F,F,T,F,F,F,F,F,F,F,F,F,T,F,T,T,F,F,F,F,F,T,T,F,F,F,F,F,F,F,F,T,F,F,F,F,F,F,F,F,F,F,F,F,F,F,F,F,T,F,F,F,F,F,F,F,F,F,F,F,F,F,T,F,F,F,F,F,F,F,F,F,T,F,F,F,F,F,T,F,F,F,F,F,F,F,F,F,F,F,F,T,F,F,F,T,T,T,T,F,F
Tricholoma Family,Orange Bell Cap,p,0.7,3.5,0.75,F,F,F,T,F,F,F,F,F,T,F,F,F,F,F,F,F,F,F,F,F,F,F,F,F,T,F,T,F,F,T,F,F,F,F,F,F,F,F,F,F,F,F,F,F,F,F,F,F,F,F,T,F,F,F,F,F,F,F,F,F,F,F,F,F,F,F,F,F,F,F,F,T,F,F,F,F,T,F,F,F,F,F,F,F,F,F,T,F,F,F,F,F,T,F,F,F,F,F,F,F,F,F,F,F,F,F,F,F,F,F,T,T,T,F,F
Tricholoma Family,Orange Moss Agaric,p,0.7,4.5,1.0,F,T,F,T,F,F,F,F,F,F,F,F,F,F,F,F,F,F,F,F,F,F,F,F,F,T,F,F,F,F,T,F,F,F,F,F,F,T,F,F,F,F,F,F,F,F,F,F,F,T,F,F,F,F,F,F,F,F,F,F,F,F,F,F,F,F,F,F,F,F,F,F,F,F,F,T,F,T,F,F,F,F,F,F,F,F,F,T,F,F,F,F,F,T,F,F,F,F,F,F,T,F,F,F,F,F,T,F,F,F,F,F,T,T,F,F
Tricholoma Family,Umbrella Navel Cap,p,1.5,2.0,2.5,F,F,F,T,F,F,F,F,F,T,F,F,F,F,F,F,F,F,F,F,F,F,F,F,F,F,F,T,F,T,T,F,F,F,F,F,F,T,F,F,T,F,F,F,F,F,F,F,F,F,F,F,F,T,F,F,F,F,F,F,F,F,F,F,F,F,T,F,F,F,F,F,F,F,F,F,F,F,F,T,F,F,F,F,F,F,F,T,F,F,F,F,F,T,F,F,F,F,F,F,F,F,F,F,F,F,F,F,F,F,T,T,T,T,F,F
Tricholoma Family,Rooting Shank,p,7.0,14.0,7.5,F,T,F,T,F,F,F,F,F,F,F,T,F,T,T,F,F,F,F,F,F,F,F,F,F,F,F,F,T,T,T,F,F,F,T,F,F,F,F,F,F,F,F,F,F,F,T,F,F,F,F,F,F,F,T,F,F,F,F,F,F,T,F,F,F,F,F,F,F,F,F,F,F,F,F,F,F,F,F,T,F,F,F,F,F,F,F,T,F,F,F,F,F,T,F,F,F,F,F,F,F,F,F,F,F,F,F,F,F,F,F,T,T,T,F,F
Tricholoma Family,Porcelain Mushroom,e,6.0,6.0,5.0,F,F,F,T,F,F,F,F,F,F,F,F,F,T,T,F,F,F,F,F,F,T,F,F,F,F,F,F,F,T,T,F,F,F,F,F,T,F,F,F,T,F,F,F,F,F,F,F,F,F,F,F,F,T,F,F,F,F,F,F,F,F,F,T,F,F,F,F,F,F,T,F,T,F,F,F,F,F,F,F,F,F,F,F,F,F,F,F,T,F,F,T,F,F,F,F,F,F,F,F,F,F,F,F,F,F,F,F,F,F,F,T,T,T,T,F
Tricholoma Family,Velvet Shank,e,4.5,6.5,5.5,F,T,F,T,F,F,F,F,F,F,F,F,F,T,T,F,F,F,F,F,F,F,F,F,F,T,F,F,F,T,T,F,F,F,F,F,T,F,F,F,T,F,F,F,F,F,T,F,F,F,F,T,F,F,F,F,F,F,F,F,F,F,T,F,F,F,T,F,F,F,F,F,F,F,F,T,F,F,F,T,F,F,F,F,F,F,F,T,F,F,F,F,F,T,F,F,F,F,F,F,F,F,F,F,F,F,F,F,F,F,F,T,F,T,T,T
Tricholoma Family,Honey Fungus,e,10.0,9.0,15.0,F,T,F,T,F,F,F,F,F,F,F,F,F,F,F,F,F,T,F,F,F,F,F,F,F,F,F,T,T,T,T,F,F,F,F,F,T,T,F,F,T,F,F,F,F,F,T,F,F,F,F,F,F,F,F,F,F,F,F,T,F,F,F,F,F,F,F,F,F,F,F,F,F,F,F,F,F,F,F,T,F,F,F,F,F,F,F,F,T,F,F,F,F,F,F,F,F,F,F,F,T,F,F,F,F,F,F,F,F,F,F,T,T,T,T,F
Tricholoma Family,Bulbous Honey Fungus,e,10.0,7.0,25.0,F,T,F,T,F,F,F,F,F,F,F,F,F,F,F,T,F,F,F,F,F,F,F,F,F,F,F,T,T,T,T,F,F,F,F,F,F,F,F,F,F,F,F,F,F,F,T,F,F,F,F,F,F,F,F,F,F,T,F,F,F,F,F,F,F,F,F,F,F,F,F,F,F,F,F,F,F,F,F,T,F,F,T,F,F,F,F,F,T,F,F,F,F,F,F,F,T,F,F,F,F,F,F,F,F,F,F,F,F,F,F,T,F,T,T,F
Tricholoma Family,Soap-scented Tricholoma,p,6.5,5.5,15.0,F,F,F,T,F,F,F,F,F,F,F,F,F,F,F,F,F,T,F,T,F,T,F,F,F,F,F,F,F,T,F,T,F,F,F,F,F,F,T,F,T,F,F,T,F,F,T,F,F,F,F,F,F,F,T,F,F,F,F,T,F,F,F,F,F,T,F,F,F,F,F,F,T,F,F,F,F,F,F,T,F,F,F,F,F,F,F,T,F,F,F,F,F,T,F,F,F,F,F,F,F,F,F,F,F,F,F,F,F,F,F,T,T,T,F,F
Tricholoma Family,Grey Tricholoma,e,6.0,5.0,10.0,F,T,F,F,T,F,F,F,F,F,F,F,F,F,T,F,F,F,F,F,F,T,F,T,F,F,F,F,F,F,T,F,F,F,F,F,F,F,T,F,T,F,F,F,F,T,T,F,F,F,F,F,F,F,F,F,F,F,F,F,F,F,F,F,F,F,T,F,F,F,T,F,F,F,F,F,F,F,F,F,F,F,F,F,F,F,F,T,F,F,F,F,F,T,F,F,F,F,F,F,F,F,F,F,F,F,F,F,F,F,F,T,T,T,F,F
Tricholoma Family,Scaly Tricholoma,e,5.0,4.5,7.5,F,T,F,T,F,F,F,F,F,F,F,F,F,F,F,T,F,F,F,F,F,T,F,F,F,F,F,F,F,T,T,F,F,F,F,F,F,F,T,F,F,F,F,F,F,T,T,F,F,F,F,T,F,F,F,F,F,F,F,F,F,F,F,F,F,F,F,F,F,F,F,F,T,F,F,F,F,F,F,F,F,F,F,F,F,F,F,T,F,F,F,F,F,T,F,F,F,F,F,F,F,F,F,F,F,F,F,F,F,F,F,T,T,T,F,F
Tricholoma Family,Yellow-brown Tricholoma,e,7.5,9.0,12.5,F,T,F,F,F,F,F,F,F,T,F,F,F,T,T,F,F,T,F,F,F,F,F,F,F,T,F,F,F,T,T,F,F,F,F,F,F,F,T,F,F,F,F,F,F,F,F,F,F,F,F,T,F,T,F,F,F,F,F,T,F,F,F,T,F,F,F,F,F,F,F,F,F,F,F,T,F,F,F,T,F,F,F,F,F,F,F,T,F,F,F,F,F,T,F,F,F,F,F,F,F,F,F,F,F,F,F,F,F,F,F,T,F,T,F,F
Tricholoma Family,Sulphur Tricholoma,p,5.5,5.5,13.0,F,T,F,T,F,F,F,F,F,F,F,F,F,F,F,F,F,F,F,F,F,F,F,F,F,F,F,T,F,F,T,F,F,F,F,F,F,F,T,F,T,F,F,F,F,F,F,F,F,F,F,T,F,F,F,F,F,F,F,T,F,F,F,F,F,F,F,F,F,F,F,F,F,F,F,F,F,T,F,F,F,F,F,F,F,F,F,T,F,F,F,F,F,T,F,F,F,F,F,F,F,F,F,F,F,F,F,F,F,F,F,T,F,T,F,F
Tricholoma Family,St George's Mushroom,e,8.5,7.0,30.0,F,T,F,T,F,F,F,F,F,F,T,F,F,F,F,F,F,T,F,F,F,F,T,F,F,F,F,F,F,F,T,F,F,F,F,F,F,F,T,F,F,T,F,F,F,F,T,F,F,F,F,F,F,F,F,F,F,F,F,F,F,F,F,F,F,F,F,F,F,F,F,F,T,F,F,F,F,F,F,F,F,F,F,F,F,F,F,T,F,F,F,F,F,T,F,F,F,F,F,F,F,F,F,F,F,F,F,T,F,F,F,T,T,F,F,T
Tricholoma Family,Clustered Brown Cap,e,8.0,7.5,14.0,F,F,T,T,F,F,F,F,F,F,F,F,F,F,F,F,F,F,F,F,F,T,F,F,F,F,F,F,F,T,T,F,F,F,F,F,T,F,F,F,F,F,F,F,F,F,T,F,F,F,F,F,F,F,F,F,F,F,F,F,F,F,F,F,F,F,F,F,F,F,T,F,T,F,F,F,F,F,F,F,F,F,F,F,F,F,F,T,F,F,F,F,F,T,F,F,F,F,F,F,F,F,F,F,F,F,T,F,F,F,F,T,T,T,F,F
Tricholoma Family,Changeable Melanoleuca,e,7.0,6.0,10.0,F,T,F,F,F,F,F,F,F,F,F,F,F,F,F,F,F,T,F,F,F,F,F,F,F,F,F,F,F,T,T,F,F,F,F,F,F,F,T,F,F,T,F,F,F,F,T,F,F,F,F,F,F,F,F,F,F,T,F,T,F,F,F,F,F,F,F,F,F,F,F,F,T,F,F,F,F,F,F,T,F,F,F,F,F,F,F,T,F,F,F,F,F,T,F,F,F,F,F,F,F,F,F,F,F,T,T,T,F,F,F,T,T,T,F,F
Tricholoma Family,Plums and custard,p,8.0,7.0,17.5,F,T,F,F,F,F,F,F,F,F,F,F,F,F,F,T,F,F,T,F,F,F,F,F,F,F,F,T,T,F,T,F,F,F,F,F,F,F,T,F,F,T,F,F,F,F,F,F,F,F,F,T,F,F,F,F,F,F,F,F,F,F,F,F,F,T,F,T,F,F,F,F,F,F,F,F,F,T,T,F,F,F,F,F,F,F,F,T,F,F,F,F,F,T,F,F,F,F,F,F,F,F,F,F,F,F,F,F,F,F,F,T,F,T,F,F
Wax Gill Family,Ivory Wax Cap,e,3.5,3.5,6.0,F,T,F,T,F,F,F,F,F,F,F,F,F,F,F,F,F,T,F,F,F,F,T,F,F,F,F,F,F,F,T,F,F,F,F,F,F,T,F,F,T,F,F,F,F,F,T,F,F,F,F,F,F,F,F,F,F,F,F,F,F,F,F,F,F,F,F,F,F,F,F,F,T,F,F,F,F,F,F,F,F,F,F,F,F,F,F,T,F,F,F,F,F,T,F,F,F,F,F,F,F,F,F,F,F,F,T,T,F,F,F,F,F,T,T,F
Wax Gill Family,Yellow Wax cap,p,4.5,6.0,7.5,F,F,F,T,F,F,F,F,F,F,F,F,F,T,T,F,F,T,F,F,F,F,F,F,F,T,F,T,F,F,T,F,F,F,F,F,T,F,F,F,F,T,F,F,F,F,F,F,F,F,F,T,F,F,F,F,F,F,F,F,F,T,F,F,F,F,F,F,F,F,F,F,F,F,F,T,F,F,F,F,F,F,F,F,F,F,F,T,F,F,F,F,F,T,F,F,F,F,F,F,F,F,F,F,F,F,T,F,F,F,F,F,T,T,F,F
Wax Gill Family,Orange-red Wax Cap,p,2.5,3.0,5.5,F,T,F,T,F,F,F,F,F,F,F,F,F,F,F,T,F,T,F,F,F,F,F,F,F,T,F,F,F,F,T,F,F,F,F,F,T,T,F,F,F,F,F,F,F,F,F,F,F,T,F,T,F,F,F,F,F,F,F,F,F,F,F,F,F,F,F,F,F,F,F,F,F,F,F,T,F,T,F,F,F,F,F,F,F,F,F,T,F,F,F,F,F,T,F,F,F,F,F,F,F,F,F,F,F,F,F,T,F,F,T,F,F,T,F,F
Wax Gill Family,Blackening Wax Cap,p,5.5,7.0,7.5,F,F,F,T,T,F,F,T,F,F,F,F,F,F,F,F,F,T,F,F,F,F,F,T,F,T,F,F,T,F,T,F,T,F,F,F,F,F,F,F,F,F,F,F,F,T,F,T,F,F,F,T,F,F,F,F,F,F,F,F,F,F,F,F,F,F,F,F,F,F,F,F,F,T,F,T,F,T,F,F,F,F,F,F,F,F,F,T,F,F,F,F,F,T,F,F,F,F,F,F,F,F,F,F,F,F,T,T,F,F,F,F,T,T,F,F
Wax Gill Family,Meadow Wax Cap,e,6.5,6.0,12.5,F,T,F,T,F,F,T,F,F,F,T,F,F,F,F,F,F,T,F,F,F,F,F,F,F,T,T,F,F,F,T,F,F,F,F,F,F,T,F,F,T,F,F,F,F,F,F,F,F,T,T,F,F,F,F,F,F,F,F,F,F,F,F,F,F,F,F,F,F,F,F,F,T,F,F,F,F,F,F,F,F,F,F,F,F,F,F,T,F,F,F,F,F,T,F,F,F,F,F,F,F,F,F,F,F,F,T,T,F,F,F,T,F,T,T,F
Wax Gill Family,Scarlet Hood,e,3.5,4.5,6.5,F,F,F,T,F,F,F,F,F,F,T,F,F,F,T,F,F,T,F,F,F,F,F,F,T,T,F,F,T,F,T,F,F,F,F,F,T,F,F,F,F,T,F,F,F,F,F,F,F,T,F,F,T,F,F,F,F,F,F,F,F,F,F,F,F,F,F,F,F,F,F,F,F,F,F,T,F,F,T,F,F,F,F,F,F,F,F,T,F,F,F,F,F,T,F,F,F,F,F,F,F,F,F,F,F,F,T,T,F,F,F,F,T,T,T,F
Wax Gill Family,Parrot Wax Cap,p,3.0,5.0,6.0,F,T,F,F,T,F,F,F,F,F,T,T,F,T,F,F,F,F,F,T,F,F,F,F,T,F,F,T,F,F,T,F,F,F,F,F,T,F,F,F,F,F,F,T,F,F,F,F,F,F,F,T,F,F,F,F,F,F,F,F,F,F,F,T,F,F,F,F,T,F,F,F,F,F,F,F,F,T,F,F,F,F,F,F,F,F,F,T,F,F,F,F,F,T,F,F,F,F,F,F,F,F,F,F,F,F,T,T,F,F,F,T,T,T,F,F
Wax Gill Family,Herald of Winter,e,4.0,6.0,7.5,F,T,F,T,F,F,F,F,F,F,F,F,F,T,F,F,F,F,F,F,F,F,F,F,F,F,F,F,F,T,T,F,F,F,F,F,F,T,F,F,F,F,F,F,F,F,F,F,F,T,F,F,F,F,F,F,F,F,F,F,F,F,F,T,F,F,F,F,F,F,F,F,T,F,F,T,F,F,F,F,F,F,F,F,F,F,F,T,F,F,F,F,F,T,F,F,F,F,F,F,F,F,F,F,F,F,F,F,F,F,F,T,F,T,T,F
Russula Family,Common Yellow Russula,e,7.0,6.0,15.0,F,T,F,T,F,F,T,F,F,F,F,F,F,F,F,F,F,F,F,F,F,F,F,F,F,F,F,T,F,F,T,F,F,F,F,F,T,F,F,F,F,T,F,F,F,F,T,F,F,F,F,F,F,F,F,F,F,F,F,F,F,F,F,F,F,F,F,F,F,F,T,F,T,F,F,F,F,F,F,F,F,F,F,F,F,F,F,T,F,F,F,F,F,T,F,F,F,F,F,F,F,F,F,F,F,F,F,F,F,F,F,T,T,T,T,F
Russula Family,Yellow-gilled Russula,e,4.0,4.0,9.0,F,F,F,T,F,F,F,F,F,F,F,F,F,F,F,F,F,F,F,F,F,F,F,F,F,F,F,T,F,F,T,F,F,F,F,F,T,F,F,F,F,T,F,F,F,F,F,F,F,T,F,T,F,F,F,F,F,F,F,F,F,F,F,F,F,F,F,F,F,F,F,F,T,F,F,F,F,F,F,F,F,F,F,F,F,F,F,T,F,F,F,F,F,T,F,F,F,F,F,F,F,F,F,F,F,F,F,F,F,F,F,T,T,T,F,F
Russula Family,Yellow Swamp Russula,e,7.0,7.5,15.0,F,F,F,T,F,F,F,F,F,F,F,F,F,T,T,F,F,F,F,F,F,F,F,F,F,F,F,T,F,F,F,T,F,F,T,F,F,F,F,F,F,T,F,F,F,F,F,F,F,F,F,T,F,F,F,F,F,F,F,F,F,F,F,F,F,F,F,F,F,F,F,F,T,F,F,F,F,F,F,F,F,F,F,F,F,F,F,T,F,F,F,F,F,T,F,F,F,F,F,F,F,F,F,F,F,F,F,F,F,F,F,T,T,T,F,F
Russula Family,Geranium-scented Russula,p,7.0,5.5,15.0,F,T,F,T,F,F,T,F,F,F,F,F,F,T,F,F,F,F,F,F,F,F,F,F,F,F,F,T,F,T,T,F,F,F,T,F,F,F,F,F,F,T,F,F,F,F,F,F,F,F,F,T,F,F,F,F,F,F,F,F,F,F,F,F,F,F,F,F,F,F,F,F,F,F,F,F,F,T,F,F,F,F,F,F,F,F,F,T,F,F,F,F,F,T,F,F,F,F,F,F,F,F,F,F,F,F,F,F,F,F,F,T,F,T,F,F
Russula Family,Stinking Russula,p,10.5,10.5,30.0,F,F,F,T,F,F,F,F,F,F,F,F,F,T,F,F,F,F,F,F,F,F,F,F,F,F,F,F,F,T,T,F,F,F,F,F,T,F,F,F,T,F,F,F,F,F,T,F,F,F,F,F,F,F,F,F,F,F,F,F,F,F,F,F,F,F,F,F,F,F,F,F,T,F,F,F,F,F,F,F,F,F,F,F,F,F,F,T,F,F,F,F,F,T,F,F,F,F,F,F,F,F,F,F,F,F,F,F,F,F,F,T,T,T,F,F
Russula Family,Fragile Russula,p,4.0,4.5,7.5,F,T,F,F,F,F,T,F,F,F,F,F,F,F,F,F,F,F,T,F,F,F,F,F,F,F,F,F,F,F,T,F,F,F,F,F,T,F,F,F,F,F,F,F,F,F,T,F,F,F,F,F,F,F,F,F,F,F,F,F,F,F,F,F,F,F,F,F,F,F,F,F,T,F,F,F,F,T,F,F,F,F,F,F,F,F,F,T,F,F,F,F,F,T,F,F,F,F,F,F,F,F,F,F,F,F,F,F,F,F,F,T,T,T,F,F
Russula Family,Birch Russula,p,4.0,5.0,6.5,F,T,F,T,F,F,F,F,F,F,F,F,F,F,F,F,F,F,F,F,F,F,F,F,T,F,T,T,T,F,T,F,F,F,T,F,F,F,F,F,F,F,F,F,F,F,T,F,F,F,F,F,F,F,F,F,F,F,F,F,F,F,F,F,F,F,F,F,F,F,F,F,T,F,F,F,F,F,F,F,F,F,F,F,F,F,F,T,F,F,F,F,F,T,F,F,F,F,F,F,F,F,F,F,F,F,F,F,F,F,F,T,T,T,F,F
Russula Family,Bare-toothed Russula,e,7.5,7.0,17.5,F,T,F,T,F,F,F,F,F,F,F,F,F,F,F,F,F,F,F,F,F,F,F,F,T,F,F,F,T,T,T,F,F,F,T,F,F,F,F,F,F,T,F,F,F,F,T,F,F,F,F,F,F,F,F,F,F,F,F,F,F,F,F,F,F,F,T,F,F,F,F,F,T,F,F,F,F,F,F,F,F,F,F,F,F,F,F,T,F,F,F,F,F,T,F,F,F,F,F,F,F,F,F,F,F,F,F,F,F,F,F,T,T,T,F,F
Russula Family,The Charcoal Burner,e,10.0,7.5,20.0,F,F,F,T,F,F,F,F,F,F,F,F,F,F,F,F,T,F,F,F,T,F,F,F,F,F,F,T,F,F,T,F,F,F,T,F,F,F,F,F,F,T,F,F,F,F,T,F,F,F,F,F,F,F,F,F,F,F,F,F,F,F,F,F,F,F,F,F,F,F,F,F,T,F,F,F,F,F,F,F,F,F,F,F,F,F,F,T,F,F,F,F,F,T,F,F,F,F,F,F,F,F,F,F,F,F,F,F,F,F,F,T,T,T,F,F
Russula Family,Blackish Purple Russula,e,8.0,4.5,15.0,F,T,F,T,F,F,F,F,F,F,F,F,F,F,F,F,F,T,T,F,F,F,F,T,F,F,F,F,F,F,T,F,F,F,F,F,T,F,F,F,F,T,F,F,F,F,T,F,F,F,F,F,F,F,F,F,F,F,F,F,F,F,F,F,F,F,F,F,F,F,F,F,T,F,F,F,F,F,F,F,F,F,F,F,F,F,F,T,F,F,F,F,F,T,F,F,F,F,F,F,F,F,F,F,F,F,F,F,F,F,F,T,T,T,F,F
Russula Family,Blackening Russula,e,16.5,7.0,22.5,F,T,F,T,F,F,T,F,F,F,F,F,F,T,F,F,F,T,F,F,F,F,T,T,F,F,F,F,F,T,T,F,F,F,F,F,T,F,F,F,T,F,F,F,F,F,F,T,F,F,F,T,F,F,F,F,F,F,F,F,F,F,F,F,F,F,F,F,F,F,F,F,T,F,F,F,F,F,F,F,F,F,F,F,F,F,F,T,F,F,F,F,F,T,F,F,F,F,F,F,T,F,F,F,F,F,F,F,F,F,F,T,T,T,T,F
Russula Family,The Sickener,p,7.5,6.0,17.5,F,T,F,T,F,F,F,F,F,F,F,F,F,T,T,F,F,F,F,F,F,F,F,F,F,F,F,F,T,F,T,F,F,F,T,F,F,F,F,F,T,F,F,F,F,F,T,F,F,F,F,F,F,F,F,F,F,T,F,F,F,F,F,F,F,F,F,F,F,F,F,F,T,F,F,F,F,F,F,F,F,F,F,F,F,F,F,T,F,F,F,F,F,T,F,F,F,F,F,F,F,F,F,F,F,F,F,F,F,F,F,T,T,T,F,F
Russula Family,Beechwood Sickener,p,5.0,3.5,12.5,F,F,F,T,F,F,F,F,F,F,F,F,F,F,F,F,F,F,F,F,F,F,T,F,T,F,F,F,T,F,T,F,F,F,F,F,F,F,F,F,F,T,F,T,F,T,T,F,F,F,F,F,F,F,F,F,F,F,F,F,F,F,F,F,F,F,F,F,F,F,F,F,F,F,F,F,F,T,F,F,F,F,F,F,F,F,F,T,F,F,F,F,F,T,F,F,F,F,F,F,F,F,F,F,F,F,F,F,F,F,F,T,F,T,F,F
Russula Family,Crab-scented Russula,e,11.0,7.0,22.5,F,T,F,T,F,F,T,F,F,F,F,F,F,F,F,F,F,T,T,T,F,F,F,F,F,F,F,T,F,T,T,F,F,F,T,F,F,F,F,F,F,F,F,F,F,F,F,F,F,F,F,F,F,T,F,F,F,F,F,F,F,F,F,F,F,F,F,F,F,F,F,F,T,F,T,F,F,F,F,T,F,F,F,F,F,F,F,T,F,F,F,F,F,T,F,F,F,F,F,F,F,F,F,F,F,F,F,F,F,F,F,T,T,T,T,F
Russula Family,Grass-green Russula,p,7.5,6.5,11.5,F,T,F,F,F,F,F,F,F,F,F,F,F,F,F,F,F,F,F,T,F,F,F,F,F,F,F,T,F,F,T,F,F,F,T,F,F,F,F,F,F,T,F,F,F,F,F,F,F,F,F,T,F,T,F,F,F,F,F,F,F,F,F,F,F,F,F,F,F,F,F,F,T,F,F,F,F,F,F,F,F,F,F,F,F,F,F,T,F,F,F,F,F,T,F,F,F,F,F,F,F,F,F,F,F,F,F,F,F,F,F,T,T,T,F,F
Russula Family,Peppery Milk Cap,e,11.5,6.0,25.0,F,F,F,F,F,F,T,F,F,F,F,F,F,F,F,F,F,F,F,F,F,F,T,F,F,F,F,F,F,F,F,T,F,F,F,F,F,T,F,F,F,T,F,F,F,F,T,F,T,F,F,T,F,F,F,F,F,F,F,F,F,F,F,F,F,F,F,F,F,F,F,F,T,F,F,F,F,F,F,F,F,F,F,F,F,F,F,T,F,F,F,F,F,T,F,F,F,F,F,F,F,F,F,F,F,F,F,F,F,F,F,T,T,T,F,F
Russula Family,Fleecy Milk Cap,p,17.5,7.0,30.0,F,T,F,T,F,F,T,F,F,F,F,F,T,F,F,F,F,F,F,F,F,F,T,F,F,F,F,F,F,F,F,T,F,F,F,F,F,T,F,F,T,F,F,F,F,F,T,F,F,F,F,F,F,T,F,F,F,F,F,F,F,F,F,F,F,F,F,F,F,F,F,F,T,F,F,F,F,F,F,F,F,F,F,F,F,F,F,T,F,F,F,F,F,T,F,F,F,F,F,F,F,F,F,F,F,F,F,F,F,F,F,T,T,T,T,F
Russula Family,Oak Milk Cap,p,6.5,7.0,9.0,F,F,F,T,F,F,T,F,F,F,T,F,F,F,F,F,F,F,F,F,F,F,F,F,F,F,F,F,T,T,F,T,F,F,F,F,F,T,F,F,F,T,F,F,F,F,T,F,F,F,F,F,F,T,F,F,F,F,F,F,F,F,F,F,F,F,F,F,F,F,F,F,F,F,F,F,F,F,T,T,F,F,F,F,F,F,F,T,F,F,F,F,F,T,F,F,F,F,F,F,F,F,F,F,F,F,F,F,F,F,F,T,F,T,F,F
Russula Family,Slimy Milk Cap,p,7.5,4.5,12.5,F,F,F,F,F,F,T,F,F,F,F,F,F,T,T,F,F,F,F,T,F,T,F,F,F,F,F,F,F,T,F,T,F,F,F,F,F,T,F,F,F,F,F,F,F,T,T,F,F,F,F,F,F,F,F,F,F,F,F,F,F,F,F,T,F,F,F,F,T,F,T,F,F,F,F,F,F,F,F,T,F,F,F,F,F,F,F,T,F,F,F,F,F,T,F,F,F,F,F,F,F,F,F,F,F,F,F,F,F,F,F,T,T,T,F,F
Russula Family,Ugly Milk Cap,p,13.5,5.0,25.0,F,T,F,T,F,F,T,F,F,F,F,F,F,T,F,F,F,F,F,T,F,T,F,T,F,F,F,F,F,T,F,T,F,F,F,F,F,T,F,F,F,T,F,F,F,F,T,F,F,F,T,F,F,T,F,F,F,F,F,F,F,F,F,F,F,F,F,F,T,F,T,F,F,F,F,F,F,F,F,T,F,F,F,F,F,F,F,T,F,F,F,F,F,T,F,F,F,F,F,F,F,F,F,F,F,T,T,F,F,F,F,T,T,T,F,F
Russula Family,Rufous Milk Cap,p,7.0,6.0,9.0,F,T,F,F,F,F,T,F,F,F,T,F,F,F,F,F,F,F,F,F,F,F,F,F,F,F,F,F,T,T,F,T,F,F,F,F,F,T,F,F,F,T,F,F,F,F,T,F,F,F,F,T,F,F,F,F,F,F,F,F,F,F,F,F,F,F,F,F,F,F,F,F,F,F,F,F,F,F,T,T,F,F,F,F,F,F,F,T,F,F,F,F,F,T,F,F,F,F,F,F,F,F,F,F,F,F,F,F,F,F,F,T,T,T,F,F
Russula Family,Sweet Milk Cap,p,5.5,6.0,6.0,F,F,F,F,F,F,T,F,F,F,F,F,F,F,F,F,F,F,F,F,F,F,F,F,F,F,F,F,T,T,F,T,F,F,F,F,F,T,F,F,F,T,F,F,F,F,T,F,T,F,T,F,F,F,F,F,F,F,F,F,F,F,F,F,F,F,F,F,F,F,F,F,F,F,F,F,F,F,T,T,F,F,F,F,F,F,F,T,F,F,F,F,F,T,F,F,F,F,F,F,F,F,F,F,F,F,F,F,F,F,F,T,T,T,F,F
Russula Family,Small Brown Milk Cap,p,3.0,3.5,6.0,F,T,F,F,F,F,T,F,F,F,F,T,F,F,F,F,F,F,F,F,F,F,F,F,F,T,F,F,F,T,F,T,F,F,F,F,F,T,F,F,F,T,F,F,F,F,F,F,F,F,F,T,F,T,F,F,F,F,F,F,F,F,F,F,F,F,F,F,F,F,F,F,F,F,F,F,F,F,F,T,F,F,F,F,F,F,F,T,F,F,F,F,F,T,F,F,F,F,F,F,F,F,F,F,F,F,F,F,F,F,F,T,T,T,F,F
Russula Family,Coconut-scented Milk Cap,e,3.5,4.5,6.0,F,T,F,F,F,F,T,F,F,F,T,F,F,F,F,F,F,F,T,F,F,T,F,F,T,F,F,F,F,T,F,T,F,F,F,F,F,T,F,F,F,T,F,F,F,F,F,F,T,F,F,F,F,F,F,F,F,F,F,F,F,F,F,F,F,F,F,F,F,F,T,F,F,F,F,F,F,F,F,T,F,F,F,F,F,F,F,T,F,F,F,F,F,T,F,F,F,F,F,F,F,F,F,F,F,F,F,F,F,F,F,T,T,T,F,F
Russula Family,Woolly Milk Cap,p,9.0,8.0,15.0,F,F,F,F,F,F,T,F,F,F,F,F,F,T,F,F,F,F,F,F,F,F,F,F,T,F,F,F,F,F,F,T,F,F,F,F,F,T,F,F,F,T,F,F,F,F,F,F,T,F,F,F,F,F,F,F,F,F,F,F,F,F,F,F,F,F,F,F,F,F,F,F,F,F,T,F,F,F,F,F,F,F,F,F,F,F,F,F,T,F,F,F,F,T,F,F,F,F,F,F,F,F,F,F,F,F,F,F,F,F,F,T,T,T,F,F
Russula Family,Saffron Milk Cap,e,10.0,6.0,17.5,F,F,F,F,F,F,T,F,F,F,F,F,F,T,F,F,F,F,F,F,F,F,T,F,T,T,F,F,F,F,F,T,F,F,F,F,F,T,F,F,F,T,F,F,F,F,F,F,F,T,F,F,F,F,F,F,F,F,F,F,F,F,F,F,F,F,F,F,F,F,F,F,T,F,F,F,F,F,F,F,F,F,F,F,F,F,F,T,F,F,F,F,F,T,F,F,F,F,F,F,F,F,F,F,F,F,F,F,F,F,F,T,T,T,F,F
Russula Family,Spruce Milk Cap,p,8.5,5.0,12.5,F,F,F,F,F,F,T,F,F,F,F,F,F,F,F,F,F,F,F,T,F,F,F,F,F,T,F,T,F,F,F,T,F,F,F,F,F,T,F,F,F,F,F,F,F,F,F,F,F,T,F,F,F,F,F,F,F,F,F,F,F,F,F,F,F,F,F,F,F,F,F,F,T,F,F,F,F,F,F,F,F,F,F,F,F,F,F,F,T,F,F,F,F,T,F,F,F,F,F,F,F,F,F,F,F,F,F,F,F,F,F,T,T,T,F,F
Pluteus Family,Fawn Pluteus,e,9.0,7.0,10.0,F,F,F,T,F,F,F,F,F,F,F,F,F,F,F,F,F,T,F,F,F,F,F,F,F,F,F,F,F,T,T,F,T,F,F,F,F,F,F,F,F,T,F,F,F,F,T,F,T,F,F,F,F,F,F,F,F,F,F,T,F,F,F,F,F,F,F,F,F,F,F,F,T,F,F,F,F,F,F,T,F,F,F,F,F,F,F,T,F,F,F,F,F,T,F,F,F,F,F,F,F,F,T,F,F,F,F,F,F,F,F,T,T,T,T,T
Pluteus Family,Veined Pluteus,e,6.5,5.5,10.0,F,F,F,T,F,F,F,F,F,F,F,F,F,F,F,T,F,F,F,F,F,F,F,F,F,F,F,F,F,T,T,F,T,F,F,F,F,F,F,F,F,T,F,F,F,F,T,F,T,F,F,F,F,F,F,F,F,F,F,F,F,F,F,F,F,T,F,F,F,F,F,F,F,F,F,F,F,F,F,T,F,F,F,F,F,F,F,T,F,F,F,F,F,T,F,F,F,F,F,F,F,F,F,F,F,F,F,F,F,F,F,T,T,T,F,F
Entoloma Family,Silky Nolanea,p,3.5,4.0,3.0,F,T,F,T,F,F,F,F,F,F,F,F,T,F,F,F,F,F,F,F,F,F,T,F,F,F,F,F,F,T,T,F,F,F,F,F,F,F,T,F,F,F,F,F,F,F,F,F,T,F,F,F,F,F,F,F,F,F,F,F,F,F,F,F,F,F,F,F,F,F,F,F,F,F,F,F,F,F,F,T,F,F,F,F,F,F,F,T,F,F,F,F,F,T,F,F,F,F,F,F,F,F,T,F,F,F,T,F,F,F,F,F,T,T,F,F
Entoloma Family,Striated Nolanea,p,4.0,6.0,4.5,F,T,F,F,T,F,F,F,F,F,F,F,F,T,F,F,F,F,F,F,F,F,F,F,F,F,F,F,F,T,T,F,F,F,T,F,F,F,F,F,F,T,F,F,F,F,F,F,T,F,F,F,F,F,F,F,F,F,F,T,F,F,F,F,F,F,F,F,F,F,T,F,F,F,F,F,F,F,F,T,F,F,F,F,F,F,F,T,F,F,F,F,F,T,F,F,F,F,F,F,F,F,F,F,F,F,T,T,F,F,F,T,T,T,F,F
Entoloma Family,White Leptonia,p,3.0,3.5,2.5,F,F,F,T,F,F,T,F,F,F,T,F,F,F,F,F,F,F,F,F,F,F,T,F,F,F,F,F,F,F,T,F,F,F,F,F,T,T,F,F,T,F,F,F,F,F,T,F,T,F,F,F,F,F,F,F,F,F,F,F,F,F,F,F,T,F,F,F,F,F,F,F,T,F,F,F,F,F,F,F,F,F,F,F,F,F,F,T,F,F,F,F,F,T,F,F,F,F,F,F,F,F,F,F,F,F,T,F,F,F,F,F,T,T,F,F
Entoloma Family,Blue Leptonia,p,2.0,4.0,2.5,F,T,F,T,F,F,F,T,F,F,F,F,F,F,F,F,F,F,F,F,T,F,F,T,F,F,F,F,F,F,T,F,F,F,F,F,T,F,F,F,F,F,F,F,F,F,T,F,T,F,F,F,F,F,F,F,F,F,F,F,F,F,F,F,F,F,F,F,F,F,F,F,T,F,F,F,F,F,F,F,F,F,F,F,F,F,F,T,F,F,F,F,F,T,F,F,F,F,F,F,F,F,T,F,F,F,T,F,F,F,F,F,T,T,F,F
Entoloma Family,Livid Entoloma,p,12.0,7.5,17.5,F,F,F,T,F,F,F,F,F,F,F,F,F,F,T,F,F,T,F,F,F,T,T,F,F,F,F,T,F,T,T,F,F,F,F,F,F,F,T,F,F,F,F,F,F,F,F,F,T,F,F,T,F,F,F,F,F,F,F,T,F,F,F,F,F,F,F,F,F,F,F,F,F,F,F,F,F,F,F,T,F,F,F,F,F,F,F,T,F,F,F,F,F,T,F,F,F,F,F,F,F,F,F,F,F,F,F,F,F,F,F,T,T,T,F,F
Entoloma Family,The Miller,e,7.0,3.5,9.0,F,F,F,T,F,F,T,F,T,F,F,F,F,F,F,F,F,F,F,F,F,F,T,F,F,F,F,F,F,F,T,F,F,F,F,F,F,T,F,F,F,F,F,F,F,F,T,F,T,F,F,F,F,F,F,F,F,F,F,F,F,F,F,F,F,F,F,F,F,F,F,F,T,F,F,F,F,F,F,F,F,F,F,F,F,F,F,T,F,F,F,F,F,T,F,F,F,F,F,F,F,F,F,F,F,F,T,F,F,F,F,T,T,T,F,F
Entoloma Family,Apricot Fungus,p,7.5,4.5,10.0,F,T,F,T,F,F,F,F,F,F,F,T,F,F,F,F,F,F,F,F,F,F,F,F,T,F,F,F,F,F,T,F,F,F,F,F,F,F,T,F,F,T,F,F,F,F,F,F,T,F,F,F,F,F,F,F,F,F,F,F,F,F,F,F,F,F,F,F,F,F,F,F,F,F,T,F,F,F,F,F,F,F,F,F,F,F,F,T,F,F,F,F,F,T,F,F,F,F,F,F,F,F,F,F,F,F,F,F,F,F,F,T,F,T,T,F
Bolbitius Family,Egg Yolk Fungus,p,2.0,7.5,3.0,T,T,F,F,F,F,F,F,F,F,F,F,F,T,T,F,F,F,F,F,F,F,F,F,F,F,F,T,F,T,T,F,F,F,F,F,F,F,F,F,F,F,F,F,F,F,F,F,F,F,F,T,F,T,F,F,F,F,F,F,F,F,F,F,F,F,F,F,F,F,F,F,F,F,F,F,F,T,F,F,F,F,F,F,F,F,F,T,F,F,F,F,F,T,F,F,F,F,F,F,F,F,F,F,F,F,T,F,F,F,F,F,T,T,F,F
Bolbitius Family,Brown Bell Cap,p,2.0,6.0,3.0,F,F,F,F,T,F,F,F,F,T,F,F,F,F,F,F,F,F,F,F,F,F,T,F,F,T,F,T,F,T,T,F,F,F,F,F,F,F,F,F,F,T,F,F,F,F,F,F,F,F,F,F,F,T,F,F,F,F,F,F,F,F,F,F,F,F,F,F,F,F,F,F,F,F,F,F,F,F,F,T,F,F,F,F,F,F,F,T,F,F,F,F,F,T,F,F,F,F,F,F,F,F,F,F,F,F,T,T,F,F,F,T,T,T,F,T
Bolbitius Family,Spring Agaric,e,4.5,8.0,9.0,F,F,F,T,F,F,F,F,F,F,F,F,F,F,F,F,F,F,F,F,F,F,T,F,F,F,F,F,F,T,T,F,F,F,T,F,F,F,F,F,F,T,F,F,F,F,T,F,F,F,F,F,F,T,F,F,F,T,F,F,F,F,F,F,F,F,F,F,F,F,F,F,T,F,F,F,F,F,F,T,F,F,T,F,F,F,F,F,T,F,F,F,F,F,F,F,F,F,F,F,F,F,F,F,F,F,T,F,F,F,F,T,T,T,F,T
Stropharia Family,Shaggy Pholiota,p,8.0,10.5,11.0,F,F,F,T,F,F,F,F,F,F,F,F,F,F,F,T,F,F,F,F,F,F,F,F,F,F,F,T,F,T,T,F,F,F,F,F,T,F,F,F,F,T,F,F,F,F,F,F,F,F,F,T,F,T,F,F,F,F,F,F,F,F,F,F,F,T,F,F,F,F,F,F,F,F,F,F,F,T,F,T,F,F,F,F,F,F,F,F,T,F,F,F,F,F,F,F,F,F,F,F,F,F,F,F,F,F,F,F,F,F,F,T,T,T,F,F
Stropharia Family,Charcoal Pholiota,p,4.0,4.5,6.0,F,F,F,T,F,F,F,F,F,F,F,F,F,T,T,F,F,F,F,F,F,F,F,F,F,T,F,F,F,T,T,F,F,F,F,F,T,F,F,F,F,T,F,F,F,F,F,F,F,F,F,F,F,T,F,F,F,F,F,F,F,F,F,F,F,T,F,F,F,F,F,F,F,F,F,T,F,F,F,T,F,F,F,F,F,F,F,F,T,T,F,F,F,F,F,F,F,F,F,F,F,F,F,F,F,F,F,F,F,F,F,T,F,T,T,F
Stropharia Family,Brown Stew Fungus,e,5.5,5.5,6.0,F,F,F,T,F,F,F,F,F,F,F,F,F,F,T,F,F,F,F,F,F,F,F,F,F,F,F,F,F,T,T,F,F,F,T,F,F,F,F,F,F,T,F,F,F,F,T,F,F,F,F,F,F,T,F,F,F,F,F,F,F,F,F,F,F,T,T,F,F,F,F,F,F,F,F,F,F,F,F,T,F,F,F,F,F,F,F,F,T,F,T,F,F,F,F,F,F,F,F,F,F,F,F,F,F,F,F,F,F,F,F,T,T,T,T,T
Stropharia Family,Sulphur Tuft,p,4.0,8.5,7.5,F,F,F,T,T,F,F,F,F,F,F,F,F,F,F,F,F,T,F,F,F,F,F,F,F,F,F,T,F,F,T,F,F,F,F,F,F,F,F,F,F,T,F,T,F,F,F,T,F,F,F,T,F,F,F,F,F,F,F,F,F,F,F,F,F,F,F,F,F,F,F,F,F,F,F,F,F,T,F,F,T,F,T,F,F,F,F,F,T,T,F,F,F,F,F,F,F,F,T,F,F,T,F,F,F,F,F,F,F,F,F,T,T,T,T,T
Stropharia Family,Brick Caps,p,6.0,8.0,10.0,F,F,F,T,F,F,F,F,F,F,F,F,F,F,F,F,T,F,F,F,F,F,F,F,F,F,F,F,T,F,T,F,F,F,F,F,T,F,F,F,F,F,F,F,F,T,T,F,F,F,F,T,F,T,F,F,F,F,F,F,F,F,F,F,F,F,F,F,F,F,F,F,F,F,F,F,F,T,T,T,F,F,T,F,F,F,F,F,T,T,F,F,F,F,F,F,F,F,F,F,F,F,F,F,F,F,F,F,F,F,F,T,F,T,F,F
Stropharia Family,Verdigris Toadstool,p,4.0,6.0,7.5,F,F,F,T,T,F,F,F,F,F,F,F,F,T,T,T,F,F,F,T,T,F,F,F,F,F,F,F,F,F,T,F,F,F,F,F,F,F,T,F,F,T,T,F,F,T,F,F,F,F,F,F,F,T,F,F,F,F,F,F,F,F,F,F,F,T,F,F,F,T,F,F,T,F,F,F,F,F,F,T,F,F,F,F,F,F,F,F,T,F,F,F,F,F,F,F,T,T,F,F,F,T,F,F,F,F,T,T,F,F,F,T,T,T,F,F
Stropharia Family,Dung Roundhead,p,2.0,7.0,2.5,F,F,T,F,F,F,F,F,F,F,F,F,F,T,F,F,F,F,F,F,F,F,F,F,F,F,F,F,F,T,T,F,F,F,F,F,T,F,F,F,F,T,F,F,F,T,F,F,F,F,F,F,F,T,F,F,F,F,F,F,F,F,F,T,F,F,F,F,F,F,F,F,F,F,F,F,F,T,F,F,F,F,F,F,F,F,F,F,T,F,F,F,F,F,F,F,T,F,F,F,F,F,F,F,F,F,F,T,F,F,F,F,T,T,F,T
Stropharia Family,Magic Mushroom,p,1.0,3.5,2.5,F,F,F,F,T,F,F,F,F,F,F,F,F,T,F,F,F,F,F,F,F,F,F,F,F,F,F,T,F,T,T,F,F,F,F,F,F,F,F,F,F,T,F,F,F,T,F,T,F,F,F,F,F,F,F,F,F,F,F,F,F,F,F,F,F,F,F,F,F,F,F,F,F,F,F,F,F,F,F,T,F,F,F,F,F,F,F,F,T,F,F,F,F,T,F,F,F,F,F,F,F,F,F,F,F,F,T,T,F,F,F,F,T,T,F,F
Cortinarius Family,Red-banded Cortinarius,p,9.0,10.5,15.0,F,F,F,T,F,F,F,T,F,F,F,F,F,F,F,F,T,F,F,F,F,F,F,F,F,F,F,F,F,T,T,F,F,F,F,F,T,F,F,F,F,F,F,F,F,F,F,F,F,F,F,F,F,T,F,F,F,F,T,F,F,F,F,F,F,F,F,F,F,F,F,F,F,F,F,F,F,F,F,T,F,F,F,F,F,T,T,T,F,F,F,F,F,T,F,F,F,F,F,F,F,F,F,F,F,F,F,F,F,F,T,T,F,T,F,F
Cortinarius Family,Purple Cortinarius,p,8.5,9.0,20.0,F,F,F,T,F,F,F,F,F,F,F,F,F,F,F,F,F,F,T,F,F,T,F,F,F,F,F,F,F,T,F,T,F,F,T,F,F,F,F,F,F,F,T,F,F,F,F,F,F,F,F,F,F,T,F,F,F,F,T,F,F,F,F,F,F,F,F,T,F,F,T,F,F,F,F,F,F,F,F,T,F,T,F,F,F,F,F,T,F,F,F,F,F,T,F,F,F,F,F,F,F,F,F,F,F,F,F,F,F,F,F,T,F,T,F,F
Cortinarius Family,Blood-red Cortinarius,p,3.5,4.5,5.5,F,F,F,T,F,F,F,T,F,F,F,F,F,F,F,F,F,F,F,F,F,F,F,F,F,F,F,F,T,F,T,F,F,F,F,F,F,F,F,F,F,F,F,F,F,F,F,F,F,F,F,F,T,F,F,F,F,F,F,F,F,F,F,F,F,F,F,F,F,F,F,F,F,F,F,F,F,F,T,F,F,F,F,F,F,F,F,T,F,F,F,F,F,T,F,F,F,F,F,F,F,F,F,T,F,F,F,F,F,F,F,T,F,T,F,F
Cortinarius Family,Red-staining Inocybe,p,5.5,6.5,12.5,T,F,F,F,F,F,F,F,F,F,F,F,T,F,F,F,T,F,F,F,F,F,T,F,F,F,F,T,F,F,F,T,F,F,T,F,F,F,F,F,F,T,F,T,F,F,F,F,T,F,F,T,F,F,F,F,F,F,F,F,F,F,F,F,F,F,F,F,F,F,F,F,T,F,F,F,F,F,F,F,F,F,F,F,F,F,F,T,F,F,F,F,F,T,F,F,F,F,F,F,F,F,F,F,F,F,T,F,F,F,F,T,T,T,F,T
Cortinarius Family,Straw-coloured Inocybe,p,5.0,6.5,7.5,T,F,F,F,F,F,F,T,F,F,F,F,F,F,F,F,F,F,F,F,F,F,F,F,F,F,F,T,F,F,T,F,F,F,F,F,F,F,F,F,F,T,F,T,F,F,F,F,F,F,F,F,F,T,F,F,F,F,F,F,F,F,F,F,F,F,F,F,F,F,F,F,T,F,F,F,F,F,F,F,F,F,F,F,F,F,F,T,F,F,F,F,F,T,F,F,F,F,F,F,F,F,F,F,F,F,F,F,F,F,F,T,T,T,F,F
Cortinarius Family,Common White Inocybe,p,2.5,3.5,3.5,T,T,F,F,F,F,F,F,F,F,F,F,F,F,F,F,F,F,T,F,F,F,T,F,F,F,F,F,F,F,T,F,F,F,F,F,T,F,F,F,F,T,F,F,F,F,T,F,F,F,F,F,F,T,F,F,F,F,F,T,F,F,F,F,F,F,F,T,F,F,F,F,T,F,F,F,F,F,F,F,F,F,F,F,F,F,F,T,F,F,F,F,F,T,F,F,F,F,F,F,F,F,F,F,F,F,F,F,F,T,F,T,T,T,F,F
Cortinarius Family,Poison Pie,p,7.0,5.5,7.5,F,F,F,T,F,F,F,F,F,F,F,F,F,T,F,F,F,T,F,F,F,F,F,F,F,F,F,F,F,T,T,F,F,F,F,F,F,F,T,F,F,F,F,F,F,T,F,F,F,F,F,F,F,T,F,F,F,F,F,F,F,F,F,F,F,T,F,F,F,F,F,F,F,F,F,F,F,F,F,T,F,F,F,F,F,F,F,T,F,F,F,F,F,T,F,F,F,F,F,F,F,F,F,F,F,F,F,F,F,F,F,T,F,T,T,F
Cortinarius Family,Dark-centred Hebeloma,p,3.5,5.5,8.5,F,F,F,T,F,F,F,F,F,F,F,F,F,T,F,F,F,F,F,F,F,F,F,F,F,F,F,F,F,T,T,F,F,F,F,F,F,F,T,F,F,T,F,F,F,F,F,F,T,F,F,F,F,T,F,F,F,F,F,F,F,F,F,F,F,F,F,F,F,F,F,F,T,F,F,F,F,F,F,F,F,F,F,F,F,F,T,F,T,T,F,F,F,F,F,F,F,F,F,F,F,F,F,F,F,F,F,F,F,F,F,T,T,T,F,F
Cortinarius Family,Rusty Wood Rotter,p,6.0,5.5,6.5,F,T,F,T,T,F,F,F,F,F,T,F,T,F,F,F,F,F,F,F,F,F,F,F,F,F,F,F,F,T,T,F,F,F,F,F,T,T,F,F,F,T,F,F,F,F,F,F,F,F,F,T,F,T,F,F,F,F,F,T,F,F,F,F,F,F,F,F,F,F,F,F,F,F,F,F,F,T,F,T,F,F,F,F,F,F,F,F,T,F,F,F,F,F,F,F,F,F,F,F,F,F,F,F,F,F,F,F,F,F,F,T,T,T,F,F
Cortinarius Family,Spectacular Gymnopile,p,10.5,12.0,22.5,F,F,F,T,F,F,F,T,F,F,T,F,F,F,F,T,T,F,F,F,F,F,F,F,F,T,F,T,F,F,T,F,F,F,F,F,T,F,F,F,F,F,F,F,F,F,F,F,F,T,F,T,F,F,T,F,F,F,F,F,F,F,F,F,F,F,F,F,F,F,F,F,F,F,F,T,F,T,F,F,F,F,F,F,F,F,F,F,T,F,T,F,F,F,F,F,F,F,F,F,F,F,F,T,F,F,F,F,F,F,F,T,T,T,T,F
Cortinarius Family,Moss Pixy Cap,p,1.5,4.5,1.5,F,F,F,F,T,F,F,F,F,F,F,F,F,F,T,F,F,F,F,F,F,F,F,F,F,F,F,F,F,T,T,F,F,F,F,F,T,F,F,F,F,F,F,F,F,F,F,F,F,F,F,F,F,T,F,F,F,F,F,F,F,F,F,T,F,F,F,F,F,F,F,F,F,F,F,F,F,F,F,T,F,F,F,F,F,F,F,T,F,F,F,F,F,T,F,F,F,F,F,F,F,F,F,F,F,F,T,F,F,F,T,T,T,T,F,T
Mushroom Family,Field Mushroom,e,6.5,5.0,12.5,F,T,T,T,F,F,F,F,F,F,F,F,F,F,F,T,F,T,F,F,F,F,T,F,F,F,F,F,F,F,T,F,T,F,F,F,F,F,F,F,F,T,F,F,F,F,F,T,T,F,F,F,F,T,F,F,F,F,F,F,F,F,F,F,F,F,F,F,F,F,F,F,T,F,F,F,F,F,F,F,F,F,T,F,F,F,F,F,T,F,F,F,F,F,F,F,T,F,F,F,F,F,F,F,F,F,T,T,F,F,F,F,T,T,F,F
Mushroom Family,Cultivated Mushroom,e,6.5,4.5,12.5,F,T,F,T,F,F,F,T,F,F,F,F,F,F,F,T,F,F,F,F,F,F,F,F,F,F,F,F,F,T,T,F,T,F,F,F,F,F,F,F,F,T,F,F,F,F,F,F,T,F,F,F,F,T,F,F,F,F,F,F,F,F,F,F,F,F,F,F,F,F,F,F,T,F,F,F,F,F,F,F,F,F,F,F,F,F,F,F,T,F,T,T,F,F,F,F,F,F,F,F,F,F,F,F,F,F,F,F,T,F,F,F,T,T,F,F
Mushroom Family,Horse Mushroom,e,12.5,10.0,17.5,F,T,T,T,F,F,F,F,F,F,F,F,F,F,F,F,F,T,F,F,F,F,T,F,F,F,F,F,F,T,F,T,T,F,F,F,F,F,F,F,F,F,F,F,F,T,F,F,F,F,F,F,F,T,F,F,F,F,T,F,F,F,F,F,F,F,F,F,F,F,F,F,T,F,F,F,F,F,F,F,F,F,F,F,F,F,F,F,T,F,T,T,F,F,F,F,F,F,F,F,F,F,F,F,F,F,F,T,F,F,F,F,T,T,F,F
Mushroom Family,Yellow-staining Mushroom,p,7.5,8.0,14.0,F,F,F,T,F,F,F,F,F,F,F,F,F,F,F,T,F,F,F,F,F,F,T,F,F,F,F,F,F,F,F,T,F,F,F,F,F,F,F,F,F,F,F,F,F,T,T,F,T,F,F,F,F,T,F,F,F,F,T,F,F,F,F,F,F,F,F,F,F,F,F,F,T,F,F,F,F,F,F,F,F,F,F,F,F,F,F,F,T,F,F,T,F,F,F,F,F,F,F,F,F,F,F,F,F,F,T,F,F,F,F,T,T,T,F,F
Mushroom Family,Bleeding Brown Mushroom,e,10.0,9.0,17.5,F,F,T,T,F,F,F,T,F,F,F,F,F,F,F,T,F,F,F,F,F,F,F,F,F,F,F,F,F,T,F,T,T,F,F,F,F,F,F,F,F,F,F,F,F,F,F,F,T,F,F,F,F,F,F,F,F,F,F,F,F,F,F,F,F,T,F,F,F,F,F,F,T,F,F,F,F,F,F,F,F,F,F,F,F,F,F,F,T,F,F,T,F,F,F,T,F,F,F,F,F,F,F,F,F,T,F,F,F,F,F,T,F,T,F,F
Ink Cap Family,Shaggy Ink Cap,e,10.0,19.0,12.5,F,T,T,F,F,F,F,F,F,F,F,F,F,F,F,T,F,T,F,F,F,F,T,F,F,F,F,F,F,F,T,F,T,F,F,F,F,F,F,F,F,T,F,F,F,F,T,T,T,F,F,F,F,F,F,F,F,F,F,F,F,F,F,F,F,F,T,F,F,F,F,F,T,F,F,F,F,F,F,F,F,F,F,F,F,F,F,F,T,F,F,F,F,F,F,F,T,F,F,F,F,F,F,F,T,F,T,F,F,F,F,T,T,T,T,T
Ink Cap Family,Common Ink Cap,p,6.0,10.0,12.5,F,F,T,F,T,F,F,F,F,F,F,F,F,F,F,T,F,T,F,F,F,T,F,F,F,F,F,F,F,T,T,F,F,F,F,F,F,F,F,F,F,F,F,F,F,T,T,T,F,F,F,F,F,F,F,F,F,F,F,F,F,F,F,F,F,F,T,F,F,F,F,F,T,F,F,F,F,F,F,F,F,F,F,F,F,F,F,F,T,T,F,F,F,F,F,F,F,F,F,F,F,F,F,F,F,F,T,F,F,F,F,T,T,T,T,T
Ink Cap Family,Magpie Ink Cap,p,8.0,15.0,17.5,F,F,T,F,T,F,F,F,F,F,F,F,F,F,F,T,F,F,F,F,F,F,T,F,F,F,F,F,F,T,T,F,F,F,F,F,F,F,F,F,F,F,F,F,F,F,F,T,T,F,F,F,F,F,F,F,F,F,F,F,F,F,F,F,F,F,F,F,F,F,F,F,T,F,F,F,F,F,F,F,F,F,F,F,F,F,F,T,F,F,F,F,F,T,F,F,F,F,F,F,F,F,F,F,F,F,F,F,F,F,F,T,F,T,F,F
Ink Cap Family,Rusty Carpet Ink Cap,p,3.5,6.0,4.5,F,F,F,F,T,F,F,F,F,F,F,F,F,F,F,T,F,F,F,F,F,F,F,F,F,F,F,F,F,T,T,F,F,F,F,F,F,F,F,F,F,T,T,F,F,T,T,F,F,F,F,F,F,F,F,F,F,F,T,F,F,F,F,F,F,F,T,F,F,F,F,F,T,F,F,F,F,F,F,F,F,F,F,F,F,F,F,T,F,F,F,F,F,T,F,F,F,F,F,F,F,F,F,F,F,F,F,F,F,F,F,T,T,T,F,F
Ink Cap Family,Glistening Ink Cap,e,3.0,6.5,3.0,F,F,F,F,T,F,F,F,F,F,F,F,F,F,F,T,F,F,F,F,F,F,F,F,F,F,F,F,F,T,T,F,F,F,F,F,F,F,F,F,F,T,F,F,F,F,F,T,F,F,F,F,F,T,F,F,F,F,F,F,F,F,F,F,F,F,F,F,F,F,F,F,T,F,F,F,F,F,F,F,F,F,F,F,F,F,F,T,F,F,F,F,F,T,F,F,F,F,F,F,F,F,F,F,F,F,F,F,F,F,F,T,T,T,T,T
Ink Cap Family,Fairies' Bonnets,e,1.0,3.0,1.5,F,F,T,F,T,F,F,F,F,T,F,F,F,F,F,F,F,F,F,F,F,T,T,F,F,F,F,F,F,F,T,F,F,F,F,F,F,F,F,F,F,F,F,F,F,T,F,F,F,F,F,F,F,F,F,F,F,F,F,F,F,F,F,F,F,F,F,F,F,F,F,F,T,F,F,F,F,F,F,F,F,F,F,F,F,F,F,T,F,F,F,F,F,T,F,F,F,F,F,F,F,F,F,F,F,F,F,F,F,F,F,T,T,T,T,T
Ink Cap Family,Fairy Parasol,e,1.5,5.0,2.5,F,T,F,T,F,F,F,F,F,F,F,T,F,F,F,F,F,F,F,F,F,T,F,F,F,F,F,F,F,T,T,F,F,F,F,F,F,F,F,F,T,F,F,F,F,T,F,T,F,F,F,F,F,F,F,F,F,F,F,F,F,F,F,F,F,F,F,F,F,F,F,F,T,F,F,F,F,F,F,F,F,F,F,F,F,F,F,T,F,F,F,F,F,T,F,F,F,F,F,F,F,F,F,F,F,F,T,F,F,F,F,T,T,T,T,T
Ink Cap Family,Common Crumble Cap,e,4.5,6.5,4.0,F,T,F,T,F,F,F,F,F,F,F,F,F,F,F,F,F,F,F,F,F,F,T,F,F,F,F,T,F,T,T,F,F,F,T,F,F,F,F,F,F,T,T,F,F,T,T,F,F,F,F,F,F,T,F,F,F,F,F,F,F,F,F,F,F,F,F,F,F,F,F,F,T,F,F,F,F,F,F,F,F,F,F,F,F,F,F,T,F,F,F,F,F,T,F,F,F,F,F,F,F,F,F,F,F,F,F,F,F,F,F,T,T,T,F,F
Ink Cap Family,Two-toned Crumble Cap,e,3.5,6.0,6.5,F,T,F,T,F,F,F,F,F,F,F,F,F,F,T,F,F,F,F,F,F,F,F,F,F,F,F,F,F,T,T,F,F,F,F,F,F,F,F,F,F,T,F,F,F,F,F,T,F,F,F,F,F,T,F,F,F,F,F,F,F,F,F,F,F,F,T,F,F,F,F,F,T,F,F,F,F,F,F,F,F,F,T,F,F,F,F,T,F,F,F,F,F,T,F,F,F,F,F,F,F,T,F,F,F,F,F,F,F,F,F,T,T,T,F,F
Ink Cap Family,Hay Cap,p,1.5,5.0,2.5,F,F,F,T,F,F,F,F,F,F,F,F,F,F,F,F,F,F,F,F,F,F,F,F,F,F,F,F,F,T,T,F,F,F,F,F,F,F,F,F,F,F,F,F,F,F,F,T,F,F,F,F,F,T,F,F,F,F,F,F,F,F,F,F,F,F,T,F,F,F,F,F,F,F,F,F,F,F,F,T,F,F,F,F,F,F,F,T,F,F,F,F,F,T,F,F,F,F,F,F,F,T,F,F,F,F,T,F,F,F,F,F,T,T,F,F
Ink Cap Family,Petticoat Fungus,p,3.0,9.0,2.5,F,F,F,F,T,F,F,F,F,F,F,F,F,F,F,F,F,F,F,F,F,T,F,T,F,F,F,F,F,T,T,F,F,F,F,F,T,F,F,F,F,F,F,F,F,F,F,T,F,F,F,F,F,T,F,F,F,F,F,F,F,F,F,F,F,F,F,F,F,F,T,F,F,F,F,F,F,F,F,T,F,F,T,F,F,F,F,T,F,F,F,F,F,T,F,F,F,F,F,F,F,T,F,F,F,F,T,F,F,F,F,F,T,T,F,F
Ink Cap Family,Egg-shell Toadstool,p,4.0,10.0,6.0,F,F,F,F,T,F,F,F,F,F,F,F,F,T,T,F,F,F,F,F,F,F,F,F,F,F,F,F,F,T,T,F,F,F,F,F,F,F,F,F,F,F,F,F,F,F,F,T,F,F,F,F,F,T,F,F,F,F,F,F,F,F,F,F,F,F,F,F,F,F,F,F,T,F,F,F,F,F,F,F,F,F,F,F,F,F,F,F,T,F,F,F,F,F,F,F,F,F,F,F,F,T,F,F,F,F,T,F,F,F,F,F,T,T,T,F
Ink Cap Family,Weeping Widow,p,7.5,8.0,8.0,F,F,F,T,F,F,F,T,F,F,F,F,F,F,F,F,F,F,F,F,F,F,F,F,F,F,F,T,F,T,T,F,F,F,F,F,T,F,F,F,F,T,F,F,F,F,F,T,F,F,F,F,F,T,F,F,F,F,F,T,F,F,F,F,F,F,F,F,F,F,F,F,F,F,F,F,F,F,F,T,F,F,F,T,F,F,F,F,T,T,F,F,F,F,F,F,F,F,F,F,F,T,F,F,F,F,T,F,F,F,F,T,T,T,F,F
Bolete Family,Cep,e,19.0,16.5,70.0,F,F,T,T,F,F,F,F,F,F,F,T,F,T,F,F,F,F,F,F,F,F,F,F,F,F,F,F,F,T,T,F,F,F,F,T,F,F,F,F,F,F,F,F,F,F,T,F,F,F,F,T,F,F,F,F,F,F,F,F,F,F,F,F,F,F,F,F,F,F,F,F,F,F,F,F,F,F,F,T,F,F,F,F,F,F,F,T,F,F,F,F,F,T,F,F,F,F,F,F,F,F,F,F,F,F,F,F,F,F,F,T,T,T,F,F
Bolete Family,Bay Bolete,e,11.0,8.5,22.5,F,F,F,T,F,F,F,F,F,F,F,F,F,T,T,F,F,F,F,F,F,F,F,F,F,F,F,F,F,T,F,T,F,F,F,T,F,F,F,F,F,F,F,F,F,F,F,F,F,F,F,T,F,F,F,F,F,F,F,F,F,F,F,F,F,F,F,F,F,F,F,F,F,F,F,F,F,F,F,T,F,F,F,F,F,F,F,T,F,F,F,F,F,T,F,F,F,F,F,F,F,F,F,F,F,F,F,F,F,F,F,T,T,T,F,F
Bolete Family,Red-cracked Bolete,e,7.5,6.0,12.5,F,F,F,T,F,F,F,F,F,F,T,F,F,F,F,F,F,F,F,F,F,F,F,F,F,F,F,T,T,T,F,T,F,F,F,T,F,F,F,F,F,F,F,T,F,F,F,F,F,F,F,T,F,F,F,F,F,F,F,F,F,F,F,F,F,F,F,F,F,F,F,F,F,F,F,F,F,T,T,F,F,F,F,F,F,F,F,T,F,F,F,F,F,T,F,F,F,F,F,F,F,F,F,F,F,F,F,F,F,F,F,T,T,T,F,F
Bolete Family,Yellow-cracked Bolete,e,6.5,7.0,15.0,F,F,F,T,F,F,F,F,F,F,T,F,F,F,F,F,F,F,F,F,F,F,F,F,F,F,F,T,F,T,F,T,F,F,F,T,F,F,F,F,F,F,F,F,F,F,F,F,F,F,F,T,F,F,F,F,F,F,F,F,F,F,F,F,F,F,F,F,F,F,F,F,F,F,F,F,F,T,F,F,F,F,F,F,F,F,F,T,F,F,F,F,F,T,F,F,F,F,F,F,F,F,F,F,F,F,F,F,F,F,F,T,T,T,F,F
Bolete Family,Dotted-stemmed Bolete,p,14.0,9.0,30.0,F,F,F,T,F,F,F,F,F,F,F,F,T,F,T,F,T,T,F,F,F,F,F,F,F,F,F,F,F,T,F,T,F,F,F,T,F,F,F,F,F,F,F,F,F,F,F,F,F,T,F,T,T,F,F,T,F,F,F,F,F,F,F,F,F,F,F,F,F,F,F,F,F,F,F,F,F,T,F,F,F,F,F,F,F,F,F,T,F,F,F,F,F,T,F,F,F,F,F,F,F,F,F,F,F,F,F,F,F,F,F,T,T,T,F,F
Bolete Family,Lurid Bolete,p,11.0,8.5,27.5,F,F,F,T,F,F,F,F,F,F,F,F,F,F,F,F,T,F,F,F,F,F,F,F,F,F,F,T,F,T,F,T,F,F,F,T,F,F,F,F,F,F,F,F,F,F,F,F,F,T,F,F,T,F,F,F,F,F,F,F,F,F,F,F,F,F,F,T,F,F,F,F,F,F,F,F,F,F,T,F,F,F,F,F,F,F,F,T,F,F,F,F,F,T,F,F,F,F,F,F,F,F,F,F,F,F,F,F,F,F,F,T,T,T,F,F
Bolete Family,Parasitic Bolete,e,3.5,4.5,10.0,F,F,F,T,F,F,F,F,F,F,T,F,T,F,F,F,F,F,F,F,F,F,F,F,F,F,F,F,F,T,T,F,F,F,F,T,F,F,F,F,F,F,F,F,F,F,F,F,F,F,F,T,T,T,F,F,F,F,F,F,F,F,F,F,F,F,F,F,F,F,F,F,F,F,F,F,F,T,F,T,F,F,F,F,F,F,F,T,F,F,F,F,F,T,F,F,F,F,F,F,F,F,F,F,F,F,F,F,F,F,F,T,F,T,F,F
Bolete Family,Bitter Bolete,p,9.5,10.0,30.0,F,F,T,T,F,F,F,F,F,F,F,F,F,F,F,F,F,F,F,F,F,F,F,F,F,F,F,F,F,T,T,F,F,F,F,T,F,F,F,F,F,F,F,F,F,F,T,F,T,F,F,F,F,F,F,T,F,F,F,F,F,F,F,F,F,F,F,F,F,F,F,F,F,F,F,F,F,F,F,T,F,F,F,F,F,F,F,T,F,F,F,F,F,T,F,F,F,F,F,F,T,F,T,F,F,F,F,F,F,F,F,T,T,T,F,F
Bolete Family,Peppery Bolete,e,4.5,5.5,11.5,F,F,F,T,F,F,F,F,F,F,F,F,F,T,F,F,F,T,F,F,F,F,F,F,F,T,F,F,F,T,T,F,F,F,F,T,F,F,F,F,F,F,F,F,F,F,F,F,F,F,F,F,F,T,F,F,F,F,F,F,F,F,F,F,F,F,F,F,F,F,F,F,F,F,F,F,F,F,T,T,F,F,F,F,F,F,F,T,F,F,F,F,F,T,F,F,F,F,F,F,F,F,F,F,F,F,F,F,F,F,F,T,T,T,F,F
Bolete Family,Orange Birch Bolete,e,18.5,16.0,35.0,F,F,T,T,F,F,F,F,F,F,T,F,F,F,F,F,F,F,F,F,F,F,F,F,F,T,F,F,T,T,T,F,F,F,F,T,F,F,F,F,F,F,F,F,F,F,T,F,F,F,F,F,F,T,F,F,F,F,T,F,F,F,F,F,F,T,F,F,F,F,F,F,T,F,F,F,F,F,F,F,F,F,F,F,F,F,F,T,F,F,F,F,F,T,F,F,F,F,F,F,F,F,F,F,F,F,F,F,F,F,F,T,T,T,F,F
Bolete Family,Brown Birch Bolete,e,7.5,11.5,25.0,F,F,F,T,F,F,F,F,F,F,F,F,F,F,F,F,F,F,F,F,F,T,F,F,F,F,F,F,F,T,F,T,F,F,F,T,F,F,F,F,F,F,F,F,F,T,F,F,F,F,F,F,F,F,F,F,F,F,F,F,F,F,F,F,F,T,F,F,F,F,F,F,T,F,F,F,F,F,F,F,F,F,F,F,F,F,F,T,F,F,F,F,F,T,F,F,F,F,F,F,F,F,F,F,F,F,F,F,F,F,F,T,T,T,F,F
Bolete Family,Larch Bolete,e,8.0,7.5,15.0,F,F,F,T,F,F,F,F,F,F,F,F,F,T,T,F,F,F,F,F,F,F,F,F,F,F,F,T,F,F,T,F,F,F,F,T,F,F,F,F,F,F,F,F,F,F,F,F,F,F,F,T,F,F,F,F,F,F,F,F,F,F,F,F,F,F,F,F,F,F,F,F,F,F,F,F,F,T,F,F,F,F,F,F,T,F,F,F,T,F,F,F,F,F,F,F,F,F,F,F,F,F,F,F,F,F,F,F,F,F,F,T,T,T,F,F
Bolete Family,Slippery Jack,e,9.0,7.5,17.5,F,F,F,T,F,F,F,F,F,F,F,F,F,T,T,F,F,T,F,F,F,F,F,F,F,F,F,F,F,T,F,T,F,F,F,T,F,F,F,F,F,F,F,F,F,F,F,F,F,F,F,T,F,T,F,F,F,F,F,F,F,F,F,F,F,F,F,F,F,F,F,F,F,F,F,F,F,F,F,T,F,F,T,F,F,F,F,F,T,F,F,F,F,F,F,T,F,F,F,F,F,F,F,F,F,F,F,F,F,F,F,T,T,T,F,F
Bolete Family,Shallow-pored Bolete,e,8.0,7.0,12.5,F,F,F,T,F,F,F,F,F,F,F,F,F,T,T,F,F,F,F,F,F,F,F,F,F,F,F,F,F,T,T,F,F,F,F,T,F,F,F,F,T,F,F,F,F,F,F,F,F,F,F,T,F,F,F,F,F,F,F,F,F,F,F,F,F,F,T,F,F,F,F,F,F,F,F,F,F,F,F,T,F,F,F,F,F,F,F,T,F,F,F,F,F,T,F,F,F,F,F,F,F,F,F,F,F,F,T,F,F,F,T,T,T,T,F,F
Paxillus Family,Brown Roll-rim,p,11.0,6.0,15.0,F,T,F,T,F,F,T,F,F,F,F,F,F,T,F,F,F,F,F,T,F,F,F,F,F,F,F,F,F,T,F,T,F,F,F,F,F,T,F,F,F,T,F,F,F,F,F,F,F,F,F,F,F,T,F,F,F,F,F,F,F,F,F,F,F,F,F,F,F,F,F,F,F,F,F,F,F,F,F,T,F,F,F,F,F,F,F,T,F,F,F,F,F,T,F,F,F,F,F,F,F,F,F,F,F,F,F,F,F,F,T,T,T,T,F,F
Paxillus Family,Velvet Roll-rim,p,16.5,6.0,35.0,F,T,F,F,F,F,T,F,F,F,T,F,T,F,F,F,F,T,F,F,F,F,F,F,F,F,F,F,F,T,T,F,F,F,F,F,F,T,F,F,F,T,F,F,F,F,F,F,F,F,F,T,F,F,F,F,F,F,F,F,F,F,T,F,F,F,F,F,F,F,F,F,F,T,F,F,F,F,F,T,F,F,F,F,F,F,F,T,F,F,F,F,F,T,F,F,F,F,F,F,F,F,F,F,F,F,F,F,F,F,F,T,T,T,F,F
Paxillus Family,False Chanterelle,p,5.5,3.5,6.5,F,F,F,F,F,F,T,F,F,F,T,F,F,F,F,F,F,F,F,F,F,F,F,F,F,T,F,T,F,F,T,F,F,F,F,F,F,T,F,F,F,T,F,F,F,F,F,F,F,T,F,T,F,F,F,F,F,F,F,F,F,F,F,F,F,F,F,F,F,F,F,F,F,F,F,T,F,T,F,F,F,F,F,F,F,F,F,T,F,F,F,F,F,T,F,F,F,F,F,F,F,F,F,F,F,F,F,F,F,F,T,T,T,T,F,F
Chanterelle Family,Chanterelle,e,6.0,5.0,14.0,F,T,F,T,F,F,T,F,F,F,F,T,F,F,F,F,F,F,F,F,F,F,F,F,F,F,F,T,F,F,T,F,F,T,F,F,F,F,F,T,F,F,F,F,T,F,F,F,F,F,F,F,F,F,F,F,F,F,F,F,F,F,F,F,F,F,F,F,F,F,F,F,F,F,F,F,F,T,F,F,F,F,F,F,F,F,F,T,F,F,F,F,F,T,F,F,F,F,F,F,F,F,F,F,F,F,F,F,F,F,F,T,T,T,F,F
Chanterelle Family,Tubed Chanterelle,e,3.5,6.5,7.5,F,F,F,F,F,F,T,F,F,F,F,F,F,F,F,F,F,F,F,F,F,F,F,F,F,F,F,T,F,T,T,F,F,T,F,F,F,F,F,T,F,F,F,F,T,F,F,F,F,F,F,F,F,F,F,F,F,F,F,F,F,F,F,F,F,F,F,F,F,F,F,F,F,F,F,T,F,T,F,F,F,F,F,F,F,F,F,T,F,F,F,F,F,T,F,F,F,F,F,F,F,F,F,F,F,F,F,F,F,F,F,T,F,T,F,F
Chanterelle Family,Horn of Plenty,e,5.0,7.0,50.0,F,F,F,F,F,T,T,F,T,F,F,F,F,F,F,F,F,F,F,F,F,F,F,F,F,F,F,F,F,T,T,F,F,T,F,F,F,F,F,T,F,F,F,F,T,F,F,F,F,F,F,F,F,F,F,F,F,F,F,F,F,F,F,F,F,F,F,F,F,F,F,F,F,F,F,F,F,F,F,T,F,F,F,F,F,F,F,T,F,F,F,F,F,T,F,F,F,F,F,T,F,F,F,F,F,T,F,F,F,F,F,T,T,T,T,F
Oyster Mushroom Family,Oyster Mushroom,e,11.5,2.5,15.0,F,T,F,F,F,F,F,F,F,F,F,F,F,F,F,F,F,F,F,F,T,T,T,F,F,F,T,F,F,F,T,F,F,F,F,F,F,T,F,F,F,T,F,F,F,F,T,F,F,F,F,T,F,F,F,F,F,F,F,F,F,F,F,F,F,F,F,F,F,F,F,F,T,F,F,F,F,F,F,F,F,F,F,F,F,F,F,T,F,F,F,F,F,T,F,F,F,F,F,F,F,F,F,F,F,F,F,F,F,F,F,T,F,T,T,F
Oyster Mushroom Family,Branched Oyster Mushroom,e,8.5,4.5,22.5,F,F,F,F,F,T,T,F,F,F,F,F,F,F,F,F,F,F,F,F,F,F,F,F,F,F,F,F,F,T,T,F,F,F,F,F,F,F,F,F,F,F,F,F,F,F,T,F,F,F,F,F,F,F,F,F,F,F,F,F,F,F,F,F,F,F,F,F,F,F,F,F,F,F,F,F,F,F,F,T,F,F,F,F,F,F,F,T,F,F,F,F,F,T,F,F,F,F,F,F,F,F,F,F,F,F,F,F,F,F,F,T,T,T,F,F
Tricholoma Family,Olive-brown Panellus,p,7.5,1.5,15.0,F,F,F,F,F,T,F,F,F,F,F,F,T,T,F,F,T,F,F,T,F,F,F,F,F,T,F,T,F,T,T,F,F,F,F,F,F,F,F,F,F,T,F,F,F,F,F,F,F,T,F,T,F,F,F,F,F,F,F,F,F,F,F,F,F,F,F,F,F,F,F,F,F,F,F,F,F,T,F,T,F,F,F,F,F,F,F,T,F,F,F,F,F,T,F,F,F,F,F,F,F,F,F,F,F,F,F,F,F,F,F,T,F,T,T,F
Crepidotus Family,Soft Slipper Toadstool,p,4.5,0.0,0.0,F,F,F,F,F,T,F,F,F,F,F,F,F,T,F,F,F,T,F,F,F,F,T,F,F,F,F,F,F,T,T,F,F,F,F,F,F,F,F,F,F,T,F,F,F,F,T,F,F,F,F,F,F,F,F,F,T,F,F,F,T,F,F,F,F,F,F,F,F,F,F,T,F,F,F,F,F,F,F,F,F,F,F,F,F,F,F,T,F,F,F,F,F,T,F,F,F,F,F,F,F,F,F,T,F,F,F,F,F,F,F,T,T,T,F,F
Hydnum Family,Hedgehog Fungus,e,10.0,5.0,20.0,F,T,F,F,F,F,F,F,F,F,F,F,F,F,F,F,T,F,F,F,F,F,F,F,F,F,T,F,F,F,T,F,F,F,F,F,F,F,F,F,F,T,F,F,F,F,F,F,F,F,T,F,F,F,F,F,F,F,F,F,F,F,F,F,F,F,F,F,F,F,F,F,T,F,F,F,F,F,F,F,F,F,F,F,F,F,F,F,T,F,F,F,F,T,F,F,F,F,F,F,F,F,F,F,F,F,F,F,F,F,F,T,F,T,F,F
Ear-Pick Family,Ear-pick Fungus,p,1.5,4.0,1.5,F,F,F,T,F,T,F,F,F,F,F,F,T,F,F,F,F,F,F,F,F,F,F,F,F,F,F,F,F,T,T,F,F,F,F,F,F,F,F,F,F,F,F,F,F,F,F,F,F,F,F,F,F,T,F,F,F,F,F,F,F,F,F,F,F,F,F,F,F,F,F,F,F,F,F,F,F,F,F,T,F,F,F,F,F,F,F,T,F,F,F,F,F,T,F,F,F,F,F,F,F,F,F,F,F,F,F,F,F,F,F,T,T,T,T,T
Bracket Fungi,Hairy Stereum,p,4.0,0.0,0.0,F,F,F,F,F,T,F,F,F,F,F,F,F,F,F,F,F,T,F,T,F,T,F,F,F,T,F,T,F,T,T,F,F,T,F,F,F,F,F,T,F,F,F,F,T,F,F,F,F,F,F,F,F,F,F,F,T,F,F,F,T,F,F,F,F,F,F,F,F,F,F,T,F,F,F,F,F,F,F,F,F,F,F,F,F,F,F,F,T,F,F,F,F,T,F,F,F,F,F,F,F,F,F,F,F,F,F,F,F,F,F,T,T,T,T,T
Bracket Fungi,Silver Leaf Fungus,p,3.0,0.0,0.0,F,F,F,F,F,T,F,F,T,F,F,F,F,F,F,F,F,F,F,F,F,T,F,F,F,F,F,F,F,F,T,F,F,T,F,F,F,F,F,T,F,F,F,F,T,F,F,F,F,F,F,F,F,F,F,F,T,F,F,F,T,F,F,F,F,F,F,F,F,F,F,T,F,F,F,F,F,F,F,F,F,F,F,F,F,F,F,T,F,F,F,F,F,T,F,F,F,F,F,F,F,F,F,F,F,F,F,F,F,F,F,T,T,T,T,T
Bracket Fungi,Dryad's Saddle,e,50.0,6.5,35.0,F,F,F,F,F,T,F,F,F,F,F,F,F,F,F,T,F,F,F,F,F,F,F,F,F,F,F,T,F,F,T,F,F,F,F,T,F,F,F,F,F,F,F,F,F,F,F,F,F,F,F,T,F,F,F,F,F,F,F,F,F,F,T,F,F,F,F,F,F,F,F,F,F,T,F,F,F,F,F,T,F,F,F,F,F,F,F,T,F,F,F,F,F,T,F,F,F,F,F,F,F,F,F,F,F,F,F,F,F,F,F,T,T,F,F,T
Bracket Fungi,Fuzzy Polypore,p,19.0,5.5,40.0,F,T,F,T,F,F,F,F,F,T,T,F,F,F,F,F,F,T,F,F,F,F,F,T,F,T,F,F,T,T,T,F,F,F,F,T,F,F,F,F,F,F,F,F,F,F,F,F,F,F,F,T,F,F,F,F,F,F,F,F,F,F,F,F,F,F,F,F,F,F,F,F,F,F,F,F,F,F,F,T,F,F,F,F,F,F,F,T,F,F,F,F,F,T,F,F,F,F,F,F,F,F,F,F,F,F,F,F,F,F,F,T,F,T,T,F
Bracket Fungi,Brown Goblet,p,5.0,3.5,5.5,F,T,F,F,F,F,T,F,F,F,F,F,T,F,F,F,F,F,F,F,F,F,F,F,F,F,F,T,F,T,T,F,F,F,F,T,F,F,F,F,F,F,F,F,F,F,F,F,F,F,F,F,F,T,F,F,F,F,F,F,F,F,T,F,F,F,F,F,F,F,F,F,F,F,F,F,F,F,F,T,F,F,F,F,F,F,F,F,T,F,F,F,F,T,F,F,F,F,F,F,F,F,F,F,F,F,F,F,F,F,F,T,T,F,F,F
Saddle-Cup Family,White Saddle,p,4.0,5.5,30.0,F,F,F,F,F,T,F,F,F,F,F,F,F,F,F,F,F,F,F,F,F,F,T,F,F,F,F,F,F,F,T,F,F,T,F,F,F,F,F,T,F,F,F,F,T,F,F,F,F,F,F,F,F,F,F,F,F,F,F,F,F,T,F,F,F,F,F,F,F,F,F,F,T,F,F,F,F,F,F,F,F,F,F,F,F,F,F,F,T,F,F,F,F,T,F,F,F,F,F,F,F,F,F,F,F,F,F,F,F,T,F,T,T,T,F,F
Bracket Fungi,Elfin's Saddle,p,3.0,3.5,15.0,F,F,F,F,F,T,F,F,F,F,F,F,F,F,F,F,F,F,F,F,F,T,F,T,F,F,F,F,F,F,T,F,F,T,F,F,F,F,F,T,F,F,F,F,T,F,F,F,F,F,F,F,F,F,F,F,F,F,F,F,F,T,F,F,F,F,F,F,F,F,T,F,F,F,F,F,F,F,F,T,F,F,F,F,F,F,F,T,F,F,F,F,F,T,F,F,F,F,F,F,F,F,F,F,F,F,F,F,F,F,F,T,T,T,F,F
Bracket Fungi,Turban Fungus,p,10.0,3.5,25.0,F,F,F,F,F,T,F,F,F,F,F,F,F,F,F,F,F,F,F,F,F,F,F,F,F,F,F,F,T,T,T,F,F,T,F,F,F,F,F,T,F,F,F,F,T,F,F,F,F,F,F,F,F,F,F,F,F,F,F,F,F,T,F,F,F,F,F,F,F,F,F,F,F,F,F,F,F,F,F,T,F,F,F,F,F,F,F,T,F,F,F,F,F,T,F,F,F,F,F,F,F,F,F,F,F,F,F,F,F,F,F,T,T,F,F,T
Morel Family,Common Morel,e,5.5,5.5,20.0,T,F,T,F,F,T,F,F,F,F,F,F,F,F,F,F,F,F,F,F,F,T,F,F,F,F,F,F,F,T,T,F,F,T,F,F,F,F,F,T,F,F,F,F,T,F,F,F,F,F,F,F,F,F,F,F,F,F,F,F,F,F,F,F,F,F,F,F,F,F,F,F,F,F,F,F,F,F,F,T,F,F,F,F,F,F,F,T,F,F,F,F,F,T,F,F,F,F,F,F,F,F,F,F,F,T,F,F,F,F,F,T,F,F,F,T
Jelly Discs Family,Jelly Babies,p,1.25,3.5,5.5,F,T,F,T,F,F,T,F,F,F,F,F,F,F,F,F,F,T,F,F,F,F,F,F,F,F,F,T,F,F,T,F,F,T,F,F,F,F,F,T,F,F,F,F,T,F,F,F,F,F,F,F,F,F,F,F,F,F,F,F,F,F,F,F,F,F,F,F,F,F,F,F,F,F,F,F,F,T,F,F,F,F,F,F,F,F,F,T,F,F,F,F,F,T,F,F,F,F,F,F,F,F,F,F,F,F,F,F,F,F,F,T,T,T,F,F
